Date,DIA,INDU,Divisor
2009-03-30,74.99,7522.02,0.14748072
2009-03-31,75.58,7608.92,0.14748072
2009-04-01,77.27,7761.6,0.14748072
2009-04-02,79.45,7978.08,0.14748072
2009-04-03,79.9,8017.59,0.14748072
2009-04-06,79.5,7975.85,0.14748072
2009-04-07,77.63,7789.56,0.14748072
2009-04-08,78.11,7837.11,0.14748072
2009-04-09,80.63,8083.38,0.14748072
2009-04-13,80.29,8057.81,0.14748072
2009-04-14,79.01,7920.18,0.14748072
2009-04-15,80.04,8029.62,0.14748072
2009-04-16,81,8125.43,0.14748072
2009-04-17,81.05,8131.33,0.14748072
2009-04-20,78.26,7841.73,0.14748072
2009-04-21,79.33,7969.56,0.14748072
2009-04-22,78.55,7886.57,0.14748072
2009-04-23,79.39,7957.06,0.14748072
2009-04-24,80.47,8076.29,0.14748072
2009-04-27,80,8025,0.14748072
2009-04-28,79.86,8016.95,0.14748072
2009-04-29,81.51,8185.73,0.14748072
2009-04-30,81.41,8168.12,0.14748072
2009-05-01,81.9,8212.41,0.14748072
2009-05-04,83.98,8426.74,0.14748072
2009-05-05,83.9,8410.65,0.14748072
2009-05-06,84.94,8512.28,0.14748072
2009-05-07,83.91,8409.85,0.14748072
2009-05-08,85.46,8574.65,0.14748072
2009-05-11,84.17,8418.77,0.14748072
2009-05-12,84.46,8469.11,0.14748072
2009-05-13,82.87,8284.89,0.14748072
2009-05-14,83.13,8331.32,0.14748072
2009-05-15,82.52,8268.64,0.14748072
2009-05-18,84.86,8504.08,0.14748072
2009-05-19,84.48,8474.85,0.14748072
2009-05-20,83.93,8422.04,0.14748072
2009-05-21,82.84,8292.13,0.14748072
2009-05-22,82.61,8277.32,0.14748072
2009-05-26,84.59,8473.49,0.14748072
2009-05-27,82.9,8300.02,0.14748072
2009-05-28,83.76,8403.8,0.14748072
2009-05-29,85.13,8500.33,0.14748072
2009-06-01,87.09,8721.44,0.14748072
2009-06-02,87.24,8740.87,0.14748072
2009-06-03,86.69,8675.28,0.14748072
2009-06-04,87.25,8750.24,0.14748072
2009-06-05,87.58,8763.13,0.14748072
2009-06-08,87.48,8764.49,0.14748072
2009-06-09,87.48,8763.06,0.14748072
2009-06-10,87.39,8739.02,0.14748072
2009-06-11,87.6,8770.92,0.14748072
2009-06-12,88.05,8799.26,0.14748072
2009-06-15,86.23,8612.13,0.14748072
2009-06-16,85,8504.67,0.14748072
2009-06-17,84.97,8497.18,0.14748072
2009-06-18,85.36,8555.6,0.14748072
2009-06-19,85.05,8539.73,0.14748072
2009-06-22,83.06,8339.01,0.14748072
2009-06-23,82.92,8322.91,0.14748072
2009-06-24,82.77,8299.86,0.14748072
2009-06-25,84.46,8472.4,0.14748072
2009-06-26,84.01,8438.39,0.14748072
2009-06-29,84.99,8529.38,0.14748072
2009-06-30,84.4,8447,0.14748072
2009-07-01,84.77,8504.06,0.14748072
2009-07-02,82.73,8280.74,0.14748072
2009-07-06,82.99,8324.87,0.14748072
2009-07-07,81.29,8163.6,0.14748072
2009-07-08,81.67,8178.41,0.14748072
2009-07-09,81.51,8183.17,0.14748072
2009-07-10,81.18,8146.52,0.14748072
2009-07-13,83.05,8331.68,0.14748072
2009-07-14,83.4,8359.49,0.14748072
2009-07-15,85.94,8616.21,0.14748072
2009-07-16,86.97,8711.82,0.14748072
2009-07-17,87.2,8743.94,0.14748072
2009-07-20,88.07,8848.15,0.14748072
2009-07-21,88.91,8915.94,0.14748072
2009-07-22,88.62,8881.26,0.14748072
2009-07-23,90.37,9069.29,0.14748072
2009-07-24,90.71,9093.24,0.14748072
2009-07-27,90.88,9108.51,0.14748072
2009-07-28,90.73,9096.72,0.14748072
2009-07-29,90.42,9070.72,0.14748072
2009-07-30,91.16,9154.46,0.14748072
2009-07-31,91.41,9171.61,0.14748072
2009-08-03,92.6,9286.56,0.14748072
2009-08-04,92.93,9320.19,0.14748072
2009-08-05,92.57,9280.97,0.14748072
2009-08-06,92.37,9256.26,0.14748072
2009-08-07,93.53,9370.07,0.14748072
2009-08-10,93.24,9337.95,0.14748072
2009-08-11,92.32,9241.45,0.14748072
2009-08-12,93.51,9361.61,0.14748072
2009-08-13,93.93,9398.19,0.14748072
2009-08-14,93.15,9321.4,0.14748072
2009-08-17,91.35,9135.34,0.14748072
2009-08-18,92.04,9217.94,0.14748072
2009-08-19,92.87,9279.16,0.14748072
2009-08-20,93.53,9350.05,0.14748072
2009-08-21,94.77,9505.96,0.14748072
2009-08-24,94.87,9509.28,0.14748072
2009-08-25,95.22,9539.29,0.14748072
2009-08-26,95.2,9543.52,0.14748072
2009-08-27,95.56,9580.63,0.14748072
2009-08-28,95.32,9544.2,0.14748072
2009-08-31,94.79,9496.28,0.14748072
2009-09-01,92.95,9310.6,0.14748072
2009-09-02,92.57,9280.67,0.14748072
2009-09-03,93.19,9344.61,0.14748072
2009-09-04,94.19,9441.27,0.14748072
2009-09-08,94.8,9497.34,0.14748072
2009-09-09,95.27,9547.22,0.14748072
2009-09-10,96.08,9627.48,0.14748072
2009-09-11,95.96,9605.41,0.14748072
2009-09-14,96.06,9626.8,0.14748072
2009-09-15,96.64,9683.41,0.14748072
2009-09-16,97.82,9791.71,0.14748072
2009-09-17,97.8,9783.92,0.14748072
2009-09-18,97.85,9820.2,0.14748072
2009-09-21,97.48,9778.86,0.14748072
2009-09-22,97.95,9829.87,0.14748072
2009-09-23,97.32,9748.55,0.14748072
2009-09-24,96.73,9707.44,0.14748072
2009-09-25,96.48,9665.19,0.14748072
2009-09-28,97.58,9789.36,0.14748072
2009-09-29,97.18,9742.2,0.14748072
2009-09-30,96.83,9712.28,0.14748072
2009-10-01,94.86,9509.28,0.14748072
2009-10-02,94.6,9487.67,0.14748072
2009-10-05,95.71,9599.75,0.14748072
2009-10-06,97.03,9731.25,0.14748072
2009-10-07,97.02,9725.58,0.14748072
2009-10-08,97.65,9786.87,0.14748072
2009-10-09,98.43,9864.94,0.14748072
2009-10-12,98.68,9885.8,0.14748072
2009-10-13,98.57,9871.06,0.14748072
2009-10-14,99.97,10015.86,0.14748072
2009-10-15,100.39,10062.94,0.14748072
2009-10-16,99.73,9995.91,0.14748072
2009-10-19,100.6,10092.19,0.14748072
2009-10-20,100.13,10041.48,0.14748072
2009-10-21,99.17,9949.36,0.14748072
2009-10-22,100.48,10081.31,0.14748072
2009-10-23,99.57,9972.18,0.14748072
2009-10-26,98.55,9867.96,0.14748072
2009-10-27,98.56,9882.17,0.14748072
2009-10-28,97.42,9762.69,0.14748072
2009-10-29,99.28,9962.58,0.14748072
2009-10-30,96.8,9712.73,0.14748072
2009-11-02,97.59,9789.44,0.14748072
2009-11-03,97.54,9771.91,0.14748072
2009-11-04,97.91,9802.14,0.14748072
2009-11-05,99.9,10005.96,0.14748072
2009-11-06,100.11,10023.42,0.14748072
2009-11-09,102.16,10226.9,0.14748072
2009-11-10,102.43,10247,0.14748072
2009-11-11,102.87,10291.26,0.14748072
2009-11-12,101.91,10197.47,0.14748072
2009-11-13,102.65,10270.47,0.14748072
2009-11-16,104,10406.96,0.14748072
2009-11-17,104.33,10437.42,0.14748072
2009-11-18,104.29,10426.31,0.14748072
2009-11-19,103.39,10332.44,0.14748072
2009-11-20,102.99,10318.16,0.14748072
2009-11-23,104.2,10450.95,0.14748072
2009-11-24,104.1,10433.71,0.14748072
2009-11-25,104.37,10464.4,0.14748072
2009-11-27,102.88,10309.92,0.14748072
2009-11-30,103.32,10344.84,0.14748072
2009-12-01,104.47,10471.58,0.14748072
2009-12-02,104.32,10452.68,0.14748072
2009-12-03,103.43,10366.15,0.14748072
2009-12-04,103.73,10388.9,0.14748072
2009-12-07,103.79,10390.11,0.14748072
2009-12-08,102.68,10285.97,0.14748072
2009-12-09,103.19,10337.05,0.14748072
2009-12-10,103.92,10405.83,0.14748072
2009-12-11,104.66,10471.5,0.14748072
2009-12-14,104.94,10501.05,0.14748072
2009-12-15,104.48,10452,0.14748072
2009-12-16,104.41,10441.12,0.14748072
2009-12-17,103.12,10308.26,0.14748072
2009-12-18,102.88,10328.9,0.14748072
2009-12-21,103.62,10414.14,0.14748072
2009-12-22,104.19,10464.9,0.14748072
2009-12-23,104.19,10466.44,0.14748072
2009-12-24,104.77,10520.1,0.14748072
2009-12-28,105.03,10547.08,0.14748072
2009-12-29,105.03,10545.41,0.14748072
2009-12-30,104.96,10548.51,0.14748072
2009-12-31,103.81,10428.05,0.14748072
2010-01-04,105.4,10583.96,0.14748072
2010-01-05,105.23,10572.02,0.14748072
2010-01-06,105.3,10573.68,0.14748072
2010-01-07,105.68,10606.86,0.14748072
2010-01-08,105.85,10618.2,0.14748072
2010-01-11,106.28,10663.99,0.14748072
2010-01-12,105.88,10627.26,0.14748072
2010-01-13,106.49,10680.77,0.14748072
2010-01-14,106.77,10710.55,0.14748072
2010-01-15,105.75,10609.65,0.14748072
2010-01-19,106.91,10725.4,0.14748072
2010-01-20,105.76,10603.2,0.14748072
2010-01-21,103.45,10389.88,0.14748072
2010-01-22,101.37,10172.98,0.14748072
2010-01-25,101.65,10196.86,0.14748072
2010-01-26,101.62,10194.29,0.14748072
2010-01-27,102.04,10236.16,0.14748072
2010-01-28,100.94,10120.46,0.14748072
2010-01-29,100.29,10067.33,0.14748072
2010-02-01,101.58,10185.53,0.14748072
2010-02-02,102.62,10296.85,0.14748072
2010-02-03,102.37,10270.5,0.14748072
2010-02-04,99.78,10002.18,0.14748072
2010-02-05,99.9,10012.2,0.14748072
2010-02-08,98.96,9908.39,0.14748072
2010-02-09,100.39,10058.64,0.14748072
2010-02-10,100.26,10038.38,0.14748072
2010-02-11,101.32,10144.19,0.14748072
2010-02-12,101.01,10099.14,0.14748072
2010-02-16,102.55,10268.81,0.14748072
2010-02-17,103.12,10309.24,0.14748072
2010-02-18,103.91,10392.9,0.14748072
2010-02-19,103.73,10402.4,0.14748072
2010-02-22,103.58,10383.38,0.14748072
2010-02-23,102.61,10282.41,0.14748072
2010-02-24,103.44,10374.16,0.14748072
2010-02-25,103.04,10321.03,0.14748072
2010-02-26,103.04,10325.26,0.14748072
2010-03-01,103.76,10403.79,0.14748072
2010-03-02,103.75,10405.98,0.14748072
2010-03-03,103.83,10396.76,0.14748072
2010-03-04,104.24,10444.14,0.14748072
2010-03-05,105.5,10566.2,0.14748072
2010-03-08,105.33,10552.52,0.14748072
2010-03-09,105.45,10564.38,0.14748072
2010-03-10,105.51,10567.33,0.14748072
2010-03-11,106.02,10611.84,0.14748072
2010-03-12,106.16,10624.69,0.14748072
2010-03-15,106.31,10642.15,0.14748072
2010-03-16,106.81,10685.98,0.14748072
2010-03-17,107.26,10733.67,0.14748072
2010-03-18,107.69,10779.17,0.14748072
2010-03-19,107.08,10741.98,0.14748072
2010-03-22,107.53,10785.89,0.14748072
2010-03-23,108.61,10888.83,0.14748072
2010-03-24,108.14,10836.15,0.14748072
2010-03-25,108.18,10841.21,0.14748072
2010-03-26,108.17,10850.36,0.14748072
2010-03-29,108.66,10895.86,0.14748072
2010-03-30,108.87,10907.42,0.14748072
2010-03-31,108.35,10856.63,0.14748072
2010-04-01,109.02,10927.1,0.14748072
2010-04-05,109.47,10973.55,0.14748072
2010-04-06,109.46,10969.99,0.14748072
2010-04-07,108.79,10897.52,0.14748072
2010-04-08,109.11,10927.07,0.14748072
2010-04-09,109.8,10997.35,0.14748072
2010-04-12,109.92,11005.97,0.14748072
2010-04-13,109.99,11019.42,0.14748072
2010-04-14,111.03,11123.11,0.14748072
2010-04-15,111.3,11144.57,0.14748072
2010-04-16,109.92,11018.7,0.14748072
2010-04-19,110.58,11092.05,0.14748072
2010-04-20,110.84,11117.06,0.14748072
2010-04-21,110.9,11124.92,0.14748072
2010-04-22,111.09,11134.3,0.14748072
2010-04-23,111.7,11204.3,0.14748072
2010-04-26,111.82,11205.03,0.14748072
2010-04-27,109.61,10991.99,0.14748072
2010-04-28,110.29,11045.27,0.14748072
2010-04-29,111.43,11167.32,0.14748072
2010-04-30,109.84,11008.61,0.14748072
2010-05-03,111.28,11151.83,0.14748072
2010-05-04,109.1,10926.77,0.14748072
2010-05-05,108.54,10868.12,0.14748072
2010-05-06,105,10520.32,0.14748072
2010-05-07,103.52,10380.43,0.14748072
2010-05-10,107.74,10785.14,0.14748072
2010-05-11,107.41,10748.26,0.14748072
2010-05-12,109,10896.91,0.14748072
2010-05-13,107.84,10782.95,0.14748072
2010-05-14,106.25,10620.16,0.14748072
2010-05-17,106.26,10625.83,0.14748072
2010-05-18,105.13,10510.95,0.14748072
2010-05-19,104.51,10444.37,0.14748072
2010-05-20,100.85,10068.01,0.14748072
2010-05-21,101.58,10193.4,0.14748072
2010-05-24,100.42,10066.57,0.14748072
2010-05-25,100.2,10043.75,0.14748072
2010-05-26,99.42,9974.45,0.14748072
2010-05-27,102.46,10258.99,0.14748072
2010-05-28,101.21,10136.63,0.14748072
2010-06-01,100.06,10024.02,0.14748072
2010-06-02,102.35,10249.54,0.14748072
2010-06-03,102.43,10255.28,0.14748072
2010-06-04,99.18,9931.97,0.14748072
2010-06-07,98.01,9816.49,0.14748072
2010-06-08,99.18,9939.98,0.14748072
2010-06-09,98.89,9899.25,0.14748072
2010-06-10,101.62,10172.53,0.14748072
2010-06-11,102.05,10211.1,0.14748072
2010-06-14,101.88,10190.89,0.14748072
2010-06-15,103.91,10404.77,0.14748072
2010-06-16,104.03,10409.46,0.14748072
2010-06-17,104.3,10434.17,0.14748072
2010-06-18,104.23,10450.64,0.14748072
2010-06-21,104.19,10442.41,0.14748072
2010-06-22,102.67,10293.52,0.14748072
2010-06-23,102.73,10298.44,0.14748072
2010-06-24,101.3,10152.8,0.14748072
2010-06-25,101.46,10143.81,0.14748072
2010-06-28,101.18,10138.52,0.14748072
2010-06-29,98.47,9870.3,0.14748072
2010-06-30,97.47,9774.02,0.14748072
2010-07-01,97.08,9732.53,0.14748072
2010-07-02,96.61,9686.48,0.14748072
2010-07-06,97.19,9743.62,0.14748072
2010-07-07,100.03,10018.28,0.14748072
2010-07-08,101.25,10138.99,0.14748072
2010-07-09,101.85,10198,0.14748072
2010-07-12,101.99,10216.27,0.14748072
2010-07-13,103.47,10363.02,0.14748072
2010-07-14,103.49,10366.72,0.14748072
2010-07-15,103.44,10359.31,0.14748072
2010-07-16,100.75,10097.9,0.14748072
2010-07-19,101.36,10154.43,0.14748072
2010-07-20,102.07,10229.96,0.14748072
2010-07-21,100.97,10120.53,0.14748072
2010-07-22,102.99,10322.3,0.14748072
2010-07-23,104.01,10424.6,0.14748072
2010-07-26,105,10525.43,0.14748072
2010-07-27,105.18,10537.69,0.14748072
2010-07-28,104.83,10497.88,0.14748072
2010-07-29,104.41,10467.16,0.14748072
2010-07-30,104.44,10465.94,0.14748072
2010-08-02,106.47,10674.38,0.14748072
2010-08-03,106.13,10636.38,0.14748072
2010-08-04,106.7,10680.43,0.14748072
2010-08-05,106.62,10674.98,0.14748072
2010-08-06,106.43,10653.6,0.14748072
2010-08-09,106.86,10698.75,0.14748072
2010-08-10,106.4,10644.25,0.14748072
2010-08-11,103.87,10378.83,0.14748072
2010-08-12,103.19,10319.95,0.14748072
2010-08-13,103.09,10303.15,0.14748072
2010-08-16,103.02,10302.01,0.14748072
2010-08-17,104.07,10405.85,0.14748072
2010-08-18,104.31,10415.54,0.14748072
2010-08-19,102.8,10271.21,0.14748072
2010-08-20,101.88,10213.6,0.14748072
2010-08-23,101.5,10174.41,0.14748072
2010-08-24,100.14,10040.45,0.14748072
2010-08-25,100.35,10060.06,0.14748072
2010-08-26,99.67,9985.81,0.14748072
2010-08-27,101.32,10150.65,0.14748072
2010-08-30,99.91,10009.73,0.14748072
2010-08-31,99.94,10014.72,0.14748072
2010-09-01,102.54,10269.47,0.14748072
2010-09-02,103.02,10320.1,0.14748072
2010-09-03,104.32,10447.9,0.14748072
2010-09-07,103.3,10340.69,0.14748072
2010-09-08,103.72,10387.01,0.14748072
2010-09-09,103.99,10415.24,0.14748072
2010-09-10,104.52,10462.8,0.14748072
2010-09-13,105.41,10544.13,0.14748072
2010-09-14,105.18,10526.49,0.14748072
2010-09-15,105.68,10572.73,0.14748072
2010-09-16,105.93,10594.83,0.14748072
2010-09-17,105.81,10607.85,0.14748072
2010-09-20,107.26,10753.62,0.14748072
2010-09-21,107.36,10761.03,0.14748072
2010-09-22,107.14,10739.31,0.14748072
2010-09-23,106.41,10662.42,0.14748072
2010-09-24,108.31,10860.26,0.14748072
2010-09-27,107.93,10812.04,0.14748072
2010-09-28,108.3,10858.14,0.14748072
2010-09-29,108.05,10835.28,0.14748072
2010-09-30,107.65,10788.05,0.14748072
2010-10-01,108.06,10829.7,0.14748072
2010-10-04,107.31,10751.27,0.14748072
2010-10-05,109.14,10944.72,0.14748072
2010-10-06,109.51,10967.65,0.14748072
2010-10-07,109.34,10948.58,0.14748072
2010-10-08,109.9,11006.48,0.14748072
2010-10-11,110,11010.34,0.14748072
2010-10-12,110,11020.4,0.14748072
2010-10-13,110.8,11096.08,0.14748072
2010-10-14,110.81,11094.57,0.14748072
2010-10-15,110.42,11062.78,0.14748072
2010-10-18,111.17,11143.69,0.14748072
2010-10-19,109.58,10978.62,0.14748072
2010-10-20,110.83,11107.97,0.14748072
2010-10-21,111.28,11146.57,0.14748072
2010-10-22,111.1,11132.6,0.14748072
2010-10-25,111.45,11164.05,0.14748072
2010-10-26,111.5,11169.46,0.14748072
2010-10-27,111.05,11126.28,0.14748072
2010-10-28,110.84,11113.95,0.14748072
2010-10-29,111.05,11118.49,0.14748072
2010-11-01,111.06,11124.62,0.14748072
2010-11-02,111.62,11188.72,0.14748072
2010-11-03,112.04,11215.13,0.14748072
2010-11-04,114.17,11434.84,0.14748072
2010-11-05,114.28,11444.08,0.14748072
2010-11-08,113.96,11406.84,0.14748072
2010-11-09,113.43,11346.75,0.14748072
2010-11-10,113.47,11357.04,0.14748072
2010-11-11,112.82,11283.1,0.14748072
2010-11-12,111.9,11192.58,0.14748072
2010-11-15,111.99,11201.97,0.14748072
2010-11-16,110.24,11023.5,0.14748072
2010-11-17,110.18,11007.88,0.14748072
2010-11-18,111.89,11181.23,0.14748072
2010-11-19,111.75,11203.55,0.14748072
2010-11-22,111.56,11178.58,0.14748072
2010-11-23,110.13,11036.37,0.14748072
2010-11-24,111.59,11187.28,0.14748072
2010-11-26,110.38,11092,0.14748072
2010-11-29,110.39,11052.5,0.14748072
2010-11-30,109.91,11006,0.14748072
2010-12-01,112.41,11255.8,0.14748072
2010-12-02,113.48,11362.41,0.14748072
2010-12-03,113.68,11382.1,0.14748072
2010-12-06,113.48,11362.19,0.14748072
2010-12-07,113.47,11359.2,0.14748072
2010-12-08,113.63,11372.48,0.14748072
2010-12-09,113.66,11370.1,0.14748072
2010-12-10,114.03,11410.32,0.14748072
2010-12-13,114.23,11428.56,0.14748072
2010-12-14,114.75,11476.5,0.14748072
2010-12-15,114.63,11457.47,0.14748072
2010-12-16,114.98,11499.25,0.14748072
2010-12-17,114.69,11491.91,0.14748072
2010-12-20,114.49,11478.13,0.14748072
2010-12-21,115.05,11533.2,0.14748072
2010-12-22,115.32,11559.49,0.14748072
2010-12-23,115.47,11573.49,0.14748072
2010-12-27,115.28,11555.03,0.14748072
2010-12-28,115.53,11575.54,0.14748072
2010-12-29,115.65,11585.38,0.14748072
2010-12-30,115.45,11569.71,0.14748072
2010-12-31,115.63,11577.51,0.14748072
2011-01-03,116.41,11670.75,0.14748072
2011-01-04,116.64,11691.2,0.14748072
2011-01-05,117.04,11722.89,0.14748072
2011-01-06,116.78,11697.31,0.14748072
2011-01-07,116.57,11674.76,0.14748072
2011-01-10,116.2,11637.45,0.14748072
2011-01-11,116.55,11671.88,0.14748072
2011-01-12,117.4,11755.44,0.14748072
2011-01-13,117.2,11731.9,0.14748072
2011-01-14,117.69,11787.38,0.14748072
2011-01-18,118.23,11837.93,0.14748072
2011-01-19,118.16,11825.29,0.14748072
2011-01-20,118.12,11822.8,0.14748072
2011-01-21,118.46,11871.84,0.14748072
2011-01-24,119.56,11980.52,0.14748072
2011-01-25,119.49,11977.19,0.14748072
2011-01-26,119.61,11985.44,0.14748072
2011-01-27,119.64,11989.83,0.14748072
2011-01-28,118.02,11823.7,0.14748072
2011-01-31,118.6,11891.93,0.14748072
2011-02-01,120.09,12040.16,0.14748072
2011-02-02,120.1,12041.97,0.14748072
2011-02-03,120.37,12062.26,0.14748072
2011-02-04,120.69,12092.15,0.14748072
2011-02-07,121.35,12161.63,0.14748072
2011-02-08,122.14,12233.15,0.14748072
2011-02-09,122.28,12239.89,0.14748072
2011-02-10,122.17,12229.29,0.14748072
2011-02-11,122.65,12273.3,0.14748072
2011-02-14,122.61,12268.19,0.14748072
2011-02-15,122.2,12226.64,0.14748072
2011-02-16,122.88,12288.17,0.14748072
2011-02-17,123.16,12318.14,0.14748072
2011-02-18,123.6,12391.3,0.14748072
2011-02-22,121.89,12212.79,0.14748072
2011-02-23,120.85,12105.78,0.14748072
2011-02-24,120.42,12068.5,0.14748072
2011-02-25,121.14,12130.45,0.14748072
2011-02-28,122.15,12226.34,0.14748072
2011-03-01,120.37,12058.02,0.14748072
2011-03-02,120.45,12066.8,0.14748072
2011-03-03,122.36,12258.2,0.14748072
2011-03-04,121.47,12169.88,0.14748072
2011-03-07,120.71,12090.03,0.14748072
2011-03-08,121.99,12214.38,0.14748072
2011-03-09,122.01,12213.09,0.14748072
2011-03-10,119.73,11984.61,0.14748072
2011-03-11,120.42,12044.4,0.14748072
2011-03-14,119.85,11993.16,0.14748072
2011-03-15,118.43,11855.42,0.14748072
2011-03-16,116.16,11613.3,0.14748072
2011-03-17,117.69,11774.59,0.14748072
2011-03-18,118.27,11858.5,0.14748072
2011-03-21,120.07,12036.53,0.14748072
2011-03-22,119.92,12018.63,0.14748072
2011-03-23,120.63,12086.02,0.14748072
2011-03-24,121.46,12170.56,0.14748072
2011-03-25,121.96,12220.6,0.14748072
2011-03-28,121.76,12197.88,0.14748072
2011-03-29,122.51,12279.01,0.14748072
2011-03-30,123.21,12350.61,0.14748072
2011-03-31,123.02,12319.73,0.14748072
2011-04-01,123.46,12376.7,0.14748072
2011-04-04,123.76,12400.03,0.14748072
2011-04-05,123.65,12393.9,0.14748072
2011-04-06,124.17,12426.75,0.14748072
2011-04-07,123.91,12409.49,0.14748072
2011-04-08,123.65,12380,0.14748072
2011-04-11,123.64,12381.11,0.14748072
2011-04-12,122.46,12263.58,0.14748072
2011-04-13,122.55,12270.99,0.14748072
2011-04-14,122.72,12285.15,0.14748072
2011-04-15,123.19,12341.83,0.14748072
2011-04-18,121.74,12201.59,0.14748072
2011-04-19,122.39,12266.75,0.14748072
2011-04-20,124.34,12453.54,0.14748072
2011-04-21,124.79,12506,0.14748072
2011-04-25,124.55,12479.88,0.14748072
2011-04-26,125.7,12595.37,0.14748072
2011-04-27,126.69,12690.96,0.14748072
2011-04-28,127.42,12763.31,0.14748072
2011-04-29,128.04,12810.54,0.14748072
2011-05-02,127.84,12807.36,0.14748072
2011-05-03,127.82,12807.51,0.14748072
2011-05-04,126.97,12723.58,0.14748072
2011-05-05,125.64,12584.17,0.14748072
2011-05-06,126.27,12638.74,0.14748072
2011-05-09,126.71,12684.68,0.14748072
2011-05-10,127.45,12760.36,0.14748072
2011-05-11,126.31,12630.03,0.14748072
2011-05-12,126.99,12695.92,0.14748072
2011-05-13,125.96,12595.75,0.14748072
2011-05-16,125.47,12548.37,0.14748072
2011-05-17,124.81,12479.58,0.14748072
2011-05-18,125.71,12560.18,0.14748072
2011-05-19,126.18,12605.32,0.14748072
2011-05-20,124.85,12512,0.14748072
2011-05-23,123.52,12381.26,0.14748072
2011-05-24,123.3,12356.21,0.14748072
2011-05-25,123.65,12394.66,0.14748072
2011-05-26,123.8,12402.76,0.14748072
2011-05-27,124.23,12441.58,0.14748072
2011-05-31,125.5,12569.79,0.14748072
2011-06-01,122.7,12290.14,0.14748072
2011-06-02,122.3,12248.55,0.14748072
2011-06-03,121.32,12151.26,0.14748072
2011-06-06,120.73,12089.96,0.14748072
2011-06-07,120.49,12070.81,0.14748072
2011-06-08,120.3,12048.94,0.14748072
2011-06-09,121.12,12124.36,0.14748072
2011-06-10,119.37,11951.91,0.14748072
2011-06-13,119.46,11952.97,0.14748072
2011-06-14,120.7,12076.11,0.14748072
2011-06-15,118.88,11897.27,0.14748072
2011-06-16,119.53,11961.52,0.14748072
2011-06-17,119.74,12004.36,0.14748072
2011-06-20,120.54,12080.38,0.14748072
2011-06-21,121.59,12190.01,0.14748072
2011-06-22,120.81,12109.67,0.14748072
2011-06-23,120.32,12050,0.14748072
2011-06-24,119.2,11934.58,0.14748072
2011-06-27,120.2,12043.56,0.14748072
2011-06-28,121.61,12188.69,0.14748072
2011-06-29,122.45,12261.42,0.14748072
2011-06-30,123.83,12414.34,0.14748072
2011-07-01,125.58,12582.77,0.14748072
2011-07-05,125.49,12569.87,0.14748072
2011-07-06,126.09,12626.02,0.14748072
2011-07-07,127.1,12719.49,0.14748072
2011-07-08,126.39,12657.2,0.14748072
2011-07-11,124.95,12505.76,0.14748072
2011-07-12,124.33,12446.88,0.14748072
2011-07-13,124.8,12491.61,0.14748072
2011-07-14,124.21,12437.12,0.14748072
2011-07-15,124.56,12479.73,0.14748072
2011-07-18,123.62,12385.16,0.14748072
2011-07-19,125.63,12587.42,0.14748072
2011-07-20,125.46,12571.91,0.14748072
2011-07-21,127.03,12724.41,0.14748072
2011-07-22,126.6,12681.2,0.14748072
2011-07-25,125.76,12592.8,0.14748072
2011-07-26,124.83,12501.3,0.14748072
2011-07-27,122.84,12302.55,0.14748072
2011-07-28,122.28,12240.11,0.14748072
2011-07-29,121.13,12143.24,0.14748072
2011-08-01,121.11,12132.49,0.14748072
2011-08-02,118.46,11866.62,0.14748072
2011-08-03,118.8,11896.44,0.14748072
2011-08-04,113.71,11383.68,0.14748072
2011-08-05,114.25,11444.61,0.14748072
2011-08-08,108.07,10809.85,0.14748072
2011-08-09,112.37,11239.77,0.14748072
2011-08-10,107.17,10719.94,0.14748072
2011-08-11,111.25,11143.31,0.14748072
2011-08-12,112.8,11269.02,0.14748072
2011-08-15,114.81,11482.9,0.14748072
2011-08-16,114.08,11405.93,0.14748072
2011-08-17,114.26,11410.21,0.14748072
2011-08-18,110.07,10990.58,0.14748072
2011-08-19,107.91,10817.65,0.14748072
2011-08-22,108.3,10854.65,0.14748072
2011-08-23,111.37,11176.76,0.14748072
2011-08-24,112.95,11320.71,0.14748072
2011-08-25,111.26,11149.82,0.14748072
2011-08-26,112.7,11284.5,0.14748072
2011-08-29,115.14,11539.25,0.14748072
2011-08-30,115.35,11559.95,0.14748072
2011-08-31,115.95,11613.53,0.14748072
2011-09-01,114.87,11493.57,0.14748072
2011-09-02,112.28,11240.26,0.14748072
2011-09-06,111.21,11139.3,0.14748072
2011-09-07,113.94,11414.86,0.14748072
2011-09-08,112.87,11295.81,0.14748072
2011-09-09,109.82,10992.13,0.14748072
2011-09-12,110.51,11061.12,0.14748072
2011-09-13,110.92,11105.85,0.14748072
2011-09-14,112.4,11246.73,0.14748072
2011-09-15,114.26,11433.18,0.14748072
2011-09-16,114.86,11509.09,0.14748072
2011-09-19,113.72,11401.01,0.14748072
2011-09-20,113.88,11408.66,0.14748072
2011-09-21,110.95,11124.84,0.14748072
2011-09-22,107.07,10733.83,0.14748072
2011-09-23,107.45,10771.48,0.14748072
2011-09-26,110.24,11043.86,0.14748072
2011-09-27,111.71,11190.69,0.14748072
2011-09-28,109.83,11010.9,0.14748072
2011-09-29,111.38,11153.98,0.14748072
2011-09-30,108.93,10913.38,0.14748072
2011-10-03,106.36,10655.3,0.14748072
2011-10-04,107.72,10808.71,0.14748072
2011-10-05,109.28,10939.95,0.14748072
2011-10-06,111.09,11123.33,0.14748072
2011-10-07,111.02,11103.1,0.14748072
2011-10-10,114.21,11433.18,0.14748072
2011-10-11,114.01,11416.3,0.14748072
2011-10-12,114.99,11518.85,0.14748072
2011-10-13,114.66,11478.13,0.14748072
2011-10-14,116.34,11644.5,0.14748072
2011-10-17,113.9,11397,0.14748072
2011-10-18,115.51,11577.05,0.14748072
2011-10-19,114.95,11504.62,0.14748072
2011-10-20,115.33,11541.78,0.14748072
2011-10-21,117.85,11808.79,0.14748072
2011-10-24,118.88,11913.62,0.14748072
2011-10-25,116.79,11706.62,0.14748072
2011-10-26,118.41,11869.04,0.14748072
2011-10-27,121.9,12208.55,0.14748072
2011-10-28,122.04,12231.11,0.14748072
2011-10-31,119.34,11955.01,0.14748072
2011-11-01,116.38,11657.96,0.14748072
2011-11-02,118.13,11836.04,0.14748072
2011-11-03,120.19,12044.47,0.14748072
2011-11-04,119.6,11983.24,0.14748072
2011-11-07,120.45,12068.39,0.14748072
2011-11-08,121.59,12170.18,0.14748072
2011-11-09,117.69,11780.94,0.14748072
2011-11-10,118.89,11893.79,0.14748072
2011-11-11,121.53,12153.7,0.14748072
2011-11-14,120.71,12078.98,0.14748072
2011-11-15,120.87,12096.16,0.14748072
2011-11-16,119.1,11905.59,0.14748072
2011-11-17,117.83,11770.73,0.14748072
2011-11-18,117.73,11796.16,0.14748072
2011-11-21,115.16,11547.31,0.14748072
2011-11-22,114.74,11493.72,0.14748072
2011-11-23,112.33,11257.55,0.14748072
2011-11-25,112.14,11231.78,0.14748072
2011-11-28,115.1,11523.01,0.14748072
2011-11-29,115.56,11555.63,0.14748072
2011-11-30,120.19,12045.68,0.14748072
2011-12-01,120.13,12020.03,0.14748072
2011-12-02,120.06,12019.42,0.14748072
2011-12-05,120.95,12097.83,0.14748072
2011-12-06,121.39,12150.13,0.14748072
2011-12-07,122.07,12196.4,0.14748072
2011-12-08,119.94,11997.7,0.14748072
2011-12-09,121.78,12184.26,0.14748072
2011-12-12,120.24,12021.39,0.14748072
2011-12-13,119.51,11954.94,0.14748072
2011-12-14,118.32,11823.48,0.14748072
2011-12-15,118.81,11868.81,0.14748072
2011-12-16,118.22,11866.39,0.14748072
2011-12-19,117.36,11766.26,0.14748072
2011-12-20,120.68,12103.58,0.14748072
2011-12-21,120.81,12107.74,0.14748072
2011-12-22,121.53,12169.65,0.14748072
2011-12-23,122.63,12294,0.14748072
2011-12-27,122.67,12291.35,0.14748072
2011-12-28,121.25,12151.41,0.14748072
2011-12-29,122.52,12287.04,0.14748072
2011-12-30,121.85,12217.56,0.14748072
2012-01-03,123.63,12397.38,0.14748072
2012-01-04,123.97,12418.42,0.14748072
2012-01-05,123.95,12415.7,0.14748072
2012-01-06,123.53,12359.92,0.14748072
2012-01-09,123.66,12392.69,0.14748072
2012-01-10,124.38,12462.47,0.14748072
2012-01-11,124.29,12449.45,0.14748072
2012-01-12,124.53,12471.02,0.14748072
2012-01-13,124.16,12422.1,0.14748072
2012-01-17,124.62,12482.07,0.14748072
2012-01-18,125.62,12578.95,0.14748072
2012-01-19,126.17,12623.98,0.14748072
2012-01-20,126.96,12720.5,0.14748072
2012-01-23,126.81,12708.82,0.14748072
2012-01-24,126.43,12675.8,0.14748072
2012-01-25,127.25,12756.96,0.14748072
2012-01-26,127.06,12734.63,0.14748072
2012-01-27,126.45,12660.46,0.14748072
2012-01-30,126.23,12653.72,0.14748072
2012-01-31,126.07,12632.91,0.14748072
2012-02-01,126.91,12716.46,0.14748072
2012-02-02,126.84,12705.41,0.14748072
2012-02-03,128.37,12862.23,0.14748072
2012-02-06,128.12,12845.13,0.14748072
2012-02-07,128.51,12878.2,0.14748072
2012-02-08,128.71,12883.95,0.14748072
2012-02-09,128.76,12890.46,0.14748072
2012-02-10,127.85,12801.23,0.14748072
2012-02-13,128.59,12874.04,0.14748072
2012-02-14,128.66,12878.28,0.14748072
2012-02-15,127.86,12780.95,0.14748072
2012-02-16,129.07,12904.08,0.14748072
2012-02-17,129.23,12949.87,0.14748072
2012-02-21,129.35,12965.69,0.14748072
2012-02-22,129.14,12938.67,0.14748072
2012-02-23,129.58,12984.69,0.14748072
2012-02-24,129.62,12982.95,0.14748072
2012-02-27,129.66,12981.51,0.14748072
2012-02-28,129.86,13005.12,0.14748072
2012-02-29,129.29,12952.07,0.14748072
2012-03-01,129.57,12980.3,0.14748072
2012-03-02,129.55,12977.57,0.14748072
2012-03-05,129.42,12962.81,0.14748072
2012-03-06,127.45,12759.15,0.14748072
2012-03-07,128.23,12837.33,0.14748072
2012-03-08,128.92,12907.94,0.14748072
2012-03-09,129.15,12922,0.14748072
2012-03-12,129.46,12959.71,0.14748072
2012-03-13,131.68,13177.68,0.14748072
2012-03-14,131.88,13194.1,0.14748072
2012-03-15,132.41,13252.76,0.14748072
2012-03-16,132.05,13232.62,0.14748072
2012-03-19,132.07,13239.13,0.14748072
2012-03-20,131.38,13170.19,0.14748072
2012-03-21,130.99,13124.62,0.14748072
2012-03-22,130.17,13046.14,0.14748072
2012-03-23,130.6,13080.73,0.14748072
2012-03-26,132.09,13241.63,0.14748072
2012-03-27,131.67,13197.73,0.14748072
2012-03-28,130.98,13126.2,0.14748072
2012-03-29,131.13,13145.82,0.14748072
2012-03-30,131.8,13212.04,0.14748072
2012-04-02,132.3,13264.49,0.14748072
2012-04-03,131.67,13199.55,0.14748072
2012-04-04,130.51,13074.75,0.14748072
2012-04-05,130.39,13060.1,0.14748072
2012-04-09,129.12,12929.59,0.14748072
2012-04-10,127.01,12715.93,0.14748072
2012-04-11,127.85,12805.39,0.14748072
2012-04-12,129.72,12986.58,0.14748072
2012-04-13,128.4,12849.59,0.14748072
2012-04-16,129.07,12921.41,0.14748072
2012-04-17,130.94,13115.54,0.14748072
2012-04-18,130.15,13032.75,0.14748072
2012-04-19,129.54,12964.1,0.14748072
2012-04-20,129.98,13029.26,0.14748072
2012-04-23,129.02,12927.17,0.14748072
2012-04-24,129.72,13001.56,0.14748072
2012-04-25,130.64,13090.7,0.14748072
2012-04-26,131.85,13204.62,0.14748072
2012-04-27,132,13228.31,0.14748072
2012-04-30,131.8,13213.63,0.14748072
2012-05-01,132.53,13279.32,0.14748072
2012-05-02,132.4,13268.57,0.14748072
2012-05-03,131.81,13206.59,0.14748072
2012-05-04,130.09,13038.27,0.14748072
2012-05-07,129.84,13008.53,0.14748072
2012-05-08,129.08,12932.09,0.14748072
2012-05-09,128.34,12835.06,0.14748072
2012-05-10,128.44,12855.04,0.14748072
2012-05-11,128.18,12820.6,0.14748072
2012-05-14,126.95,12695.35,0.14748072
2012-05-15,126.31,12632,0.14748072
2012-05-16,126.18,12598.55,0.14748072
2012-05-17,124.57,12442.49,0.14748072
2012-05-18,123.31,12369.38,0.14748072
2012-05-21,124.81,12504.48,0.14748072
2012-05-22,124.83,12502.81,0.14748072
2012-05-23,124.71,12496.15,0.14748072
2012-05-24,125.12,12529.75,0.14748072
2012-05-25,124.26,12454.83,0.14748072
2012-05-29,125.6,12580.69,0.14748072
2012-05-30,123.99,12419.86,0.14748072
2012-05-31,123.7,12393.45,0.14748072
2012-06-01,121.01,12118.57,0.14748072
2012-06-04,120.78,12101.46,0.14748072
2012-06-05,121.09,12127.95,0.14748072
2012-06-06,123.93,12414.79,0.14748072
2012-06-07,124.52,12460.96,0.14748072
2012-06-08,125.43,12554.2,0.14748072
2012-06-11,123.98,12411.23,0.14748072
2012-06-12,125.59,12573.8,0.14748072
2012-06-13,124.89,12496.38,0.14748072
2012-06-14,126.37,12651.91,0.14748072
2012-06-15,127.34,12767.2,0.14748072
2012-06-18,127.13,12741.82,0.14748072
2012-06-19,128.06,12837.33,0.14748072
2012-06-20,127.96,12824.39,0.14748072
2012-06-21,125.44,12573.57,0.14748072
2012-06-22,126.23,12640.78,0.14748072
2012-06-25,124.76,12502.66,0.14748072
2012-06-26,125.08,12534.67,0.14748072
2012-06-27,126.01,12627.01,0.14748072
2012-06-28,125.8,12602.26,0.14748072
2012-06-29,128.45,12880.09,0.14748072
2012-07-02,128.36,12871.39,0.14748072
2012-07-03,129.14,12943.82,0.14748072
2012-07-05,128.78,12896.67,0.14748072
2012-07-06,127.57,12772.47,0.14748072
2012-07-09,127.24,12736.29,0.14748072
2012-07-10,126.35,12653.12,0.14748072
2012-07-11,125.91,12604.53,0.14748072
2012-07-12,125.57,12573.27,0.14748072
2012-07-13,127.62,12777.09,0.14748072
2012-07-16,127.12,12727.21,0.14748072
2012-07-17,127.82,12805.54,0.14748072
2012-07-18,128.96,12908.7,0.14748072
2012-07-19,129.32,12943.36,0.14748072
2012-07-20,128.04,12822.57,0.14748072
2012-07-23,126.91,12721.46,0.14748072
2012-07-24,125.86,12617.32,0.14748072
2012-07-25,126.51,12676.05,0.14748072
2012-07-26,128.58,12887.93,0.14748072
2012-07-27,130.54,13075.66,0.14748072
2012-07-30,130.4,13073.01,0.14748072
2012-07-31,129.69,13008.68,0.14748072
2012-08-01,129.45,12971.06,0.14748072
2012-08-02,128.54,12878.88,0.14748072
2012-08-03,130.73,13096.2,0.14748072
2012-08-06,130.9,13117.51,0.14748072
2012-08-07,131.38,13168.6,0.14748072
2012-08-08,131.55,13175.64,0.14748072
2012-08-09,131.57,13165.19,0.14748072
2012-08-10,131.93,13207.95,0.14748072
2012-08-13,131.62,13169.43,0.14748072
2012-08-14,131.66,13172.14,0.14748072
2012-08-15,131.72,13164.78,0.14748072
2012-08-16,132.57,13250.11,0.14748072
2012-08-17,132.42,13275.2,0.14748072
2012-08-20,132.38,13271.64,0.14748072
2012-08-21,131.77,13203.58,0.14748072
2012-08-22,131.47,13172.76,0.14748072
2012-08-23,130.38,13057.46,0.14748072
2012-08-24,131.38,13157.97,0.14748072
2012-08-27,131.06,13124.67,0.14748072
2012-08-28,130.86,13102.99,0.14748072
2012-08-29,130.92,13107.48,0.14748072
2012-08-30,129.92,13000.71,0.14748072
2012-08-31,130.88,13090.84,0.14748072
2012-09-04,130.23,13035.94,0.14748072
2012-09-05,130.37,13047.48,0.14748072
2012-09-06,132.82,13292,0.14748072
2012-09-07,132.94,13306.64,0.14748072
2012-09-10,132.48,13254.29,0.14748072
2012-09-11,133.09,13323.36,0.14748072
2012-09-12,133.37,13333.35,0.14748072
2012-09-13,135.39,13539.86,0.14748072
2012-09-14,135.86,13593.37,0.14748072
2012-09-17,135.53,13553.1,0.14748072
2012-09-18,135.61,13564.64,0.14748072
2012-09-19,135.73,13577.96,0.14748072
2012-09-20,135.95,13596.93,0.14748072
2012-09-21,135.47,13579.5,0.14748072
2012-09-24,135.32,13558.92,0.14748072
2012-09-25,134.34,13457.55,0.14748072
2012-09-26,133.9,13413.51,0.14748072
2012-09-27,134.6,13485.97,0.14748072
2012-09-28,134.05,13437.1,0.14748072
2012-10-01,134.78,13515.11,0.14748072
2012-10-02,134.48,13482.36,0.14748072
2012-10-03,134.68,13494.61,0.14748072
2012-10-04,135.52,13575.36,0.14748072
2012-10-05,135.96,13610.15,0.14748072
2012-10-08,135.65,13583.65,0.14748072
2012-10-09,134.59,13473.53,0.14748072
2012-10-10,133.28,13344.97,0.14748072
2012-10-11,133.13,13326.39,0.14748072
2012-10-12,133.13,13328.85,0.14748072
2012-10-15,134.02,13424.23,0.14748072
2012-10-16,135.3,13551.78,0.14748072
2012-10-17,135.43,13557,0.14748072
2012-10-18,135.36,13548.94,0.14748072
2012-10-19,133.11,13343.5,0.14748072
2012-10-22,133.1,13345.89,0.14748072
2012-10-23,130.74,13102.53,0.14748072
2012-10-24,130.5,13077.34,0.14748072
2012-10-25,130.78,13103.68,0.14748072
2012-10-26,130.79,13107.21,0.14748072
2012-10-31,130.6,13096.46,0.14748072
2012-11-01,131.98,13232.62,0.14748072
2012-11-02,130.67,13093.16,0.14748072
2012-11-05,130.87,13112.44,0.14748072
2012-11-06,132.05,13245.68,0.14748072
2012-11-07,129.25,12932.73,0.14748072
2012-11-08,127.99,12811.32,0.14748072
2012-11-09,127.92,12815.39,0.14748072
2012-11-12,128.04,12815.08,0.14748072
2012-11-13,127.53,12756.18,0.14748072
2012-11-14,125.76,12570.95,0.14748072
2012-11-15,125.51,12542.38,0.14748072
2012-11-16,125.6,12588.31,0.14748072
2012-11-19,127.63,12795.96,0.14748072
2012-11-20,127.71,12788.51,0.14748072
2012-11-21,128.15,12836.89,0.14748072
2012-11-23,129.82,13009.68,0.14748072
2012-11-26,129.52,12967.37,0.14748072
2012-11-27,128.68,12878.13,0.14748072
2012-11-28,129.64,12985.11,0.14748072
2012-11-29,130.14,13021.82,0.14748072
2012-11-30,130.1,13025.58,0.14748072
2012-12-03,129.55,12965.6,0.14748072
2012-12-04,129.39,12951.78,0.14748072
2012-12-05,130.24,13034.49,0.14748072
2012-12-06,130.74,13074.04,0.14748072
2012-12-07,131.56,13155.13,0.14748072
2012-12-10,131.74,13169.88,0.14748072
2012-12-11,132.5,13248.44,0.14748072
2012-12-12,132.51,13245.45,0.14748072
2012-12-13,131.82,13170.72,0.14748072
2012-12-14,131.46,13135.01,0.14748072
2012-12-17,132.44,13235.39,0.14748072
2012-12-18,133.55,13350.96,0.14748072
2012-12-19,132.62,13251.97,0.14748072
2012-12-20,133.19,13311.72,0.14748072
2012-12-21,131.79,13190.84,0.14748072
2012-12-24,131.17,13139.08,0.14748072
2012-12-26,130.81,13114.59,0.14748072
2012-12-27,130.6,13096.31,0.14748072
2012-12-28,129.07,12938.11,0.14748072
2012-12-31,130.58,13104.14,0.14748072
2013-01-02,133.77,13412.55,0.14748072
2013-01-03,133.63,13391.36,0.14748072
2013-01-04,134.06,13435.2,0.14748072
2013-01-07,133.51,13384.29,0.14748072
2013-01-08,133.06,13328.85,0.14748072
2013-01-09,133.71,13390.51,0.14748072
2013-01-10,134.54,13471.22,0.14748072
2013-01-11,134.72,13488.43,0.14748072
2013-01-14,134.89,13507.32,0.14748072
2013-01-15,135.08,13534.89,0.14748072
2013-01-16,134.89,13511.23,0.14748072
2013-01-17,135.83,13596.02,0.14748072
2013-01-18,136.09,13649.7,0.14748072
2013-01-22,136.74,13712.21,0.14748072
2013-01-23,137.46,13779.33,0.14748072
2013-01-24,138.02,13825.33,0.14748072
2013-01-25,138.62,13895.98,0.14748072
2013-01-28,138.65,13881.93,0.14748072
2013-01-29,139.23,13954.42,0.14748072
2013-01-30,138.76,13910.42,0.14748072
2013-01-31,138.41,13860.58,0.14748072
2013-02-01,139.74,14009.79,0.14748072
2013-02-04,138.57,13880.08,0.14748072
2013-02-05,139.39,13979.3,0.14748072
2013-02-06,139.58,13986.52,0.14748072
2013-02-07,139.29,13944.05,0.14748072
2013-02-08,139.73,13992.97,0.14748072
2013-02-11,139.52,13971.24,0.14748072
2013-02-12,140.05,14018.7,0.14748072
2013-02-13,139.87,13982.91,0.14748072
2013-02-14,139.86,13973.39,0.14748072
2013-02-15,139.45,13981.76,0.14748072
2013-02-19,139.97,14035.67,0.14748072
2013-02-20,138.88,13927.54,0.14748072
2013-02-21,138.51,13880.62,0.14748072
2013-02-22,139.81,14000.57,0.14748072
2013-02-25,137.66,13784.17,0.14748072
2013-02-26,138.78,13900.13,0.14748072
2013-02-27,140.6,14075.37,0.14748072
2013-02-28,140.28,14054.49,0.14748072
2013-03-01,140.74,14089.66,0.14748072
2013-03-04,141.07,14127.82,0.14748072
2013-03-05,142.34,14253.77,0.14748072
2013-03-06,142.84,14296.24,0.14748072
2013-03-07,143.14,14329.49,0.14748072
2013-03-08,143.76,14397.07,0.14748072
2013-03-11,144.36,14447.29,0.14748072
2013-03-12,144.4,14450.06,0.14748072
2013-03-13,144.46,14455.28,0.14748072
2013-03-14,145.33,14539.14,0.14748072
2013-03-15,144.82,14514.11,0.14748072
2013-03-18,144.17,14452.06,0.14748072
2013-03-19,144.3,14455.82,0.14748072
2013-03-20,144.81,14511.73,0.14748072
2013-03-21,143.89,14421.49,0.14748072
2013-03-22,144.9,14512.03,0.14748072
2013-03-25,144.21,14447.75,0.14748072
2013-03-26,145.28,14559.65,0.14748072
2013-03-27,144.96,14526.16,0.14748072
2013-03-28,145.32,14578.54,0.14748072
2013-04-01,145.35,14572.85,0.14748072
2013-04-02,146.27,14662.01,0.14748072
2013-04-03,145.14,14550.35,0.14748072
2013-04-04,145.77,14606.11,0.14748072
2013-04-05,145.31,14565.25,0.14748072
2013-04-08,145.95,14613.48,0.14748072
2013-04-09,146.51,14673.46,0.14748072
2013-04-10,147.78,14802.24,0.14748072
2013-04-11,148.4,14865.14,0.14748072
2013-04-12,148.42,14865.06,0.14748072
2013-04-15,145.81,14599.2,0.14748072
2013-04-16,147.36,14756.78,0.14748072
2013-04-17,145.95,14618.59,0.14748072
2013-04-18,145.18,14537.14,0.14748072
2013-04-19,145.14,14547.51,0.14748072
2013-04-22,145.32,14567.17,0.14748072
2013-04-23,146.8,14719.46,0.14748072
2013-04-24,146.45,14676.3,0.14748072
2013-04-25,146.76,14700.8,0.14748072
2013-04-26,146.88,14712.55,0.14748072
2013-04-29,147.86,14818.75,0.14748072
2013-04-30,148.02,14839.8,0.14748072
2013-05-01,146.74,14700.95,0.14748072
2013-05-02,147.96,14831.58,0.14748072
2013-05-03,149.36,14973.96,0.14748072
2013-05-06,149.43,14968.89,0.14748072
2013-05-07,150.26,15056.2,0.14748072
2013-05-08,150.94,15105.12,0.14748072
2013-05-09,150.84,15082.62,0.14748072
2013-05-10,151.04,15118.49,0.14748072
2013-05-13,150.86,15091.68,0.14748072
2013-05-14,152.13,15215.25,0.14748072
2013-05-15,152.78,15275.69,0.14748072
2013-05-16,152.45,15233.22,0.14748072
2013-05-17,153.14,15354.4,0.14748072
2013-05-20,153.04,15335.28,0.14748072
2013-05-21,153.51,15387.58,0.14748072
2013-05-22,152.84,15307.17,0.14748072
2013-05-23,152.77,15294.5,0.14748072
2013-05-24,152.77,15303.1,0.14748072
2013-05-28,153.88,15409.39,0.14748072
2013-05-29,152.84,15302.8,0.14748072
2013-05-30,153.1,15324.53,0.14748072
2013-05-31,151.1,15115.57,0.14748072
2013-06-03,152.31,15254.03,0.14748072
2013-06-04,151.64,15177.54,0.14748072
2013-06-05,149.31,14960.59,0.14748072
2013-06-06,150.25,15040.62,0.14748072
2013-06-07,152.32,15248.12,0.14748072
2013-06-10,152.21,15238.59,0.14748072
2013-06-11,151.2,15122.02,0.14748072
2013-06-12,149.86,14995.23,0.14748072
2013-06-13,151.76,15176.08,0.14748072
2013-06-14,150.66,15070.18,0.14748072
2013-06-17,151.78,15179.85,0.14748072
2013-06-18,153.1,15318.23,0.14748072
2013-06-19,151.09,15112.19,0.14748072
2013-06-20,147.58,14758.32,0.14748072
2013-06-21,147.73,14799.4,0.14748072
2013-06-24,146.28,14659.56,0.14748072
2013-06-25,147.3,14760.31,0.14748072
2013-06-26,148.79,14910.14,0.14748072
2013-06-27,149.9,15024.49,0.14748072
2013-06-28,148.55,14909.6,0.14748072
2013-07-01,149.42,14974.96,0.14748072
2013-07-02,148.93,14932.41,0.14748072
2013-07-03,149.51,14988.55,0.14748072
2013-07-05,151.02,15135.84,0.14748072
2013-07-08,152.02,15224.69,0.14748072
2013-07-09,152.79,15300.34,0.14748072
2013-07-10,152.71,15291.66,0.14748072
2013-07-11,154.38,15460.92,0.14748072
2013-07-12,154.17,15464.3,0.14748072
2013-07-15,154.64,15484.26,0.14748072
2013-07-16,154.3,15451.85,0.14748072
2013-07-17,154.44,15470.52,0.14748072
2013-07-18,155.34,15548.54,0.14748072
2013-07-19,155.12,15543.74,0.14748072
2013-07-22,155.11,15545.55,0.14748072
2013-07-23,155.36,15567.74,0.14748072
2013-07-24,155.1,15542.24,0.14748072
2013-07-25,155.12,15555.61,0.14748072
2013-07-26,155.16,15558.83,0.14748072
2013-07-29,154.93,15521.97,0.14748072
2013-07-30,154.91,15520.59,0.14748072
2013-07-31,154.84,15499.54,0.14748072
2013-08-01,155.89,15628.02,0.14748072
2013-08-02,156.2,15658.36,0.14748072
2013-08-05,155.79,15612.13,0.14748072
2013-08-06,154.85,15518.74,0.14748072
2013-08-07,154.54,15470.67,0.14748072
2013-08-08,154.69,15498.32,0.14748072
2013-08-09,154.11,15425.51,0.14748072
2013-08-12,154.03,15419.68,0.14748072
2013-08-13,154.44,15451.01,0.14748072
2013-08-14,153.33,15337.66,0.14748072
2013-08-15,151.12,15112.19,0.14748072
2013-08-16,150.5,15081.47,0.14748072
2013-08-19,149.74,15010.74,0.14748072
2013-08-20,149.75,15002.99,0.14748072
2013-08-21,148.64,14897.55,0.14748072
2013-08-22,149.4,14963.74,0.14748072
2013-08-23,149.83,15010.51,0.14748072
2013-08-26,149.21,14946.46,0.14748072
2013-08-27,147.5,14776.13,0.14748072
2013-08-28,148.04,14824.51,0.14748072
2013-08-29,148.25,14840.95,0.14748072
2013-08-30,147.85,14810.31,0.14748072
2013-09-03,148.11,14833.96,0.14748072
2013-09-04,149.18,14930.87,0.14748072
2013-09-05,149.12,14937.48,0.14748072
2013-09-06,149.09,14922.5,0.14748072
2013-09-09,150.47,15063.12,0.14748072
2013-09-10,151.79,15191.06,0.14748072
2013-09-11,153.15,15326.6,0.14748072
2013-09-12,153.03,15300.64,0.14748072
2013-09-13,153.69,15376.06,0.14748072
2013-09-16,154.94,15494.78,0.14748072
2013-09-17,155.29,15529.73,0.14748072
2013-09-18,156.69,15676.94,0.14748072
2013-09-19,156.32,15636.55,0.14748072
2013-09-20,154.3,15451.09,0.14748072
2013-09-23,153.71,15401.38,0.14748072
2013-09-24,153.06,15334.59,0.14748072
2013-09-25,152.42,15273.26,0.14748072
2013-09-26,152.95,15328.3,0.14748072
2013-09-27,152.21,15258.24,0.14748072
2013-09-30,151,15129.67,0.14748072
2013-10-01,151.62,15191.7,0.14748072
2013-10-02,150.98,15133.14,0.14748072
2013-10-03,149.67,14996.48,0.14748072
2013-10-04,150.43,15072.58,0.14748072
2013-10-07,149,14936.24,0.14748072
2013-10-08,147.53,14776.53,0.14748072
2013-10-09,147.78,14802.98,0.14748072
2013-10-10,150.96,15126.07,0.14748072
2013-10-11,152.17,15237.11,0.14748072
2013-10-14,152.8,15301.26,0.14748072
2013-10-15,151.34,15168.01,0.14748072
2013-10-16,153.52,15373.83,0.14748072
2013-10-17,153.48,15371.65,0.14748072
2013-10-18,153.6,15399.65,0.14748072
2013-10-21,153.53,15392.2,0.14748072
2013-10-22,154.25,15467.66,0.14748072
2013-10-23,153.82,15413.33,0.14748072
2013-10-24,154.8,15509.21,0.14748072
2013-10-25,155.45,15570.28,0.14748072
2013-10-28,155.37,15568.93,0.14748072
2013-10-29,156.5,15680.35,0.14748072
2013-10-30,155.87,15618.76,0.14748072
2013-10-31,155.29,15545.75,0.14748072
2013-11-01,155.86,15615.55,0.14748072
2013-11-04,156.06,15639.12,0.14748072
2013-11-05,155.89,15618.22,0.14748072
2013-11-06,157.22,15746.88,0.14748072
2013-11-07,155.85,15593.98,0.14748072
2013-11-08,157.49,15761.78,0.14748072
2013-11-11,157.61,15783.1,0.14748072
2013-11-12,157.37,15750.67,0.14748072
2013-11-13,158.06,15821.63,0.14748072
2013-11-14,158.73,15876.22,0.14748072
2013-11-15,159.3,15961.7,0.14748072
2013-11-18,159.44,15976.02,0.14748072
2013-11-19,159.33,15967.03,0.14748072
2013-11-20,158.77,15900.82,0.14748072
2013-11-21,159.86,16009.99,0.14748072
2013-11-22,160.4,16064.77,0.14748072
2013-11-25,160.61,16072.54,0.14748072
2013-11-26,160.5,16072.8,0.14748072
2013-11-27,160.85,16097.33,0.14748072
2013-11-29,160.67,16086.41,0.14748072
2013-12-02,159.92,16008.77,0.14748072
2013-12-03,158.99,15914.62,0.14748072
2013-12-04,158.76,15889.77,0.14748072
2013-12-05,158.12,15821.51,0.14748072
2013-12-06,160.16,16020.2,0.14748072
2013-12-09,160.23,16025.53,0.14748072
2013-12-10,159.72,15973.13,0.14748072
2013-12-11,158.31,15843.53,0.14748072
2013-12-12,157.47,15739.43,0.14748072
2013-12-13,157.65,15755.36,0.14748072
2013-12-16,158.9,15884.57,0.14748072
2013-12-17,158.78,15875.26,0.14748072
2013-12-18,161.76,16167.97,0.14748072
2013-12-19,161.88,16179.08,0.14748072
2013-12-20,162.01,16221.14,0.14748072
2013-12-23,162.62,16294.61,0.14748072
2013-12-24,163.19,16357.55,0.14748072
2013-12-26,164.46,16479.88,0.14748072
2013-12-27,164.47,16478.41,0.14748072
2013-12-30,164.59,16504.29,0.14748072
2013-12-31,165.47,16576.66,0.14748072
2014-01-02,164.11,16441.35,0.14748072
2014-01-03,164.39,16469.99,0.14748072
2014-01-06,163.89,16425.1,0.14748072
2014-01-07,164.97,16530.94,0.14748072
2014-01-08,164.35,16462.74,0.14748072
2014-01-09,164.19,16444.76,0.14748072
2014-01-10,164.18,16437.05,0.14748072
2014-01-13,162.24,16257.94,0.14748072
2014-01-14,163.45,16373.86,0.14748072
2014-01-15,164.57,16481.94,0.14748072
2014-01-16,163.98,16417.01,0.14748072
2014-01-17,164.08,16458.56,0.14748072
2014-01-21,163.73,16414.44,0.14748072
2014-01-22,163.47,16373.34,0.14748072
2014-01-23,161.71,16197.35,0.14748072
2014-01-24,158.48,15879.11,0.14748072
2014-01-27,158.02,15837.88,0.14748072
2014-01-28,158.94,15928.56,0.14748072
2014-01-29,157.1,15738.79,0.14748072
2014-01-30,158.17,15848.61,0.14748072
2014-01-31,156.75,15698.85,0.14748072
2014-02-03,153.53,15372.8,0.14748072
2014-02-04,154.08,15445.24,0.14748072
2014-02-05,154.18,15440.23,0.14748072
2014-02-06,156.14,15628.53,0.14748072
2014-02-07,157.78,15794.08,0.14748072
2014-02-10,157.75,15801.79,0.14748072
2014-02-11,159.76,15994.77,0.14748072
2014-02-12,159.71,15963.94,0.14748072
2014-02-13,160.29,16027.59,0.14748072
2014-02-14,161.59,16154.39,0.14748072
2014-02-18,161.41,16130.4,0.14748072
2014-02-19,160.52,16040.56,0.14748072
2014-02-20,161.31,16133.23,0.14748072
2014-02-21,160.81,16103.3,0.14748072
2014-02-24,161.66,16207.14,0.14748072
2014-02-25,161.5,16179.66,0.14748072
2014-02-26,161.84,16198.41,0.14748072
2014-02-27,162.55,16272.65,0.14748072
2014-02-28,163.02,16321.71,0.14748072
2014-03-03,161.49,16168.03,0.14748072
2014-03-04,163.63,16395.88,0.14748072
2014-03-05,163.35,16360.18,0.14748072
2014-03-06,164.09,16421.89,0.14748072
2014-03-07,164.34,16452.72,0.14748072
2014-03-10,163.99,16418.68,0.14748072
2014-03-11,163.42,16351.25,0.14748072
2014-03-12,163.23,16340.08,0.14748072
2014-03-13,161.05,16108.89,0.14748072
2014-03-14,160.65,16065.67,0.14748072
2014-03-17,162.37,16247.22,0.14748072
2014-03-18,163.28,16336.19,0.14748072
2014-03-19,162.19,16222.17,0.14748072
2014-03-20,163.3,16331.05,0.14748072
2014-03-21,162.63,16302.77,0.14748072
2014-03-24,162.44,16276.69,0.14748072
2014-03-25,163.39,16367.88,0.14748072
2014-03-26,162.33,16268.99,0.14748072
2014-03-27,162.28,16264.23,0.14748072
2014-03-28,162.85,16323.06,0.14748072
2014-03-31,164.24,16457.66,0.14748072
2014-04-01,164.95,16532.61,0.14748072
2014-04-02,165.37,16573,0.14748072
2014-04-03,165.34,16572.55,0.14748072
2014-04-04,163.88,16412.71,0.14748072
2014-04-07,162.16,16245.87,0.14748072
2014-04-08,162.33,16256.14,0.14748072
2014-04-09,164.1,16437.18,0.14748072
2014-04-10,161.47,16170.22,0.14748072
2014-04-11,160.02,16026.75,0.14748072
2014-04-14,161.45,16173.24,0.14748072
2014-04-15,162.36,16262.56,0.14748072
2014-04-16,164.02,16424.85,0.14748072
2014-04-17,163.75,16408.54,0.14748072
2014-04-21,164.03,16449.25,0.14748072
2014-04-22,164.8,16514.37,0.14748072
2014-04-23,164.64,16501.65,0.14748072
2014-04-24,164.69,16501.65,0.14748072
2014-04-25,163.35,16361.46,0.14748072
2014-04-28,164.17,16448.74,0.14748072
2014-04-29,165,16535.37,0.14748072
2014-04-30,165.45,16580.84,0.14748072
2014-05-01,165.23,16558.87,0.14748072
2014-05-02,164.75,16512.89,0.14748072
2014-05-05,164.93,16530.55,0.14748072
2014-05-06,163.73,16401.02,0.14748072
2014-05-07,165.03,16518.54,0.14748072
2014-05-08,165.35,16550.97,0.14748072
2014-05-09,165.72,16583.34,0.14748072
2014-05-12,166.8,16695.47,0.14748072
2014-05-13,167.05,16715.44,0.14748072
2014-05-14,166.11,16613.97,0.14748072
2014-05-15,164.55,16446.81,0.14748072
2014-05-16,164.61,16491.31,0.14748072
2014-05-19,164.71,16511.86,0.14748072
2014-05-20,163.32,16374.31,0.14748072
2014-05-21,164.98,16533.06,0.14748072
2014-05-22,165.18,16543.08,0.14748072
2014-05-23,165.83,16606.27,0.14748072
2014-05-27,166.47,16675.5,0.14748072
2014-05-28,166.09,16633.18,0.14748072
2014-05-29,166.78,16698.74,0.14748072
2014-05-30,166.93,16717.17,0.14748072
2014-06-02,167.2,16743.63,0.14748072
2014-06-03,167.02,16722.34,0.14748072
2014-06-04,167.13,16737.53,0.14748072
2014-06-05,168.14,16836.11,0.14748072
2014-06-06,169.08,16924.28,0.14748072
2014-06-09,169.24,16943.1,0.14748072
2014-06-10,169.35,16945.92,0.14748072
2014-06-11,168.35,16843.88,0.14748072
2014-06-12,167.29,16734.19,0.14748072
2014-06-13,167.62,16775.74,0.14748072
2014-06-16,167.69,16781.01,0.14748072
2014-06-17,168,16808.49,0.14748072
2014-06-18,168.93,16906.62,0.14748072
2014-06-19,169.09,16921.46,0.14748072
2014-06-20,169.08,16947.08,0.14748072
2014-06-23,168.91,16937.26,0.14748072
2014-06-24,167.87,16818.13,0.14748072
2014-06-25,168.28,16867.51,0.14748072
2014-06-26,168.08,16846.13,0.14748072
2014-06-27,168.17,16851.84,0.14748072
2014-06-30,167.89,16826.6,0.14748072
2014-07-01,169.2,16956.07,0.14748072
2014-07-02,169.4,16976.24,0.14748072
2014-07-03,170.47,17068.26,0.14748072
2014-07-07,169.86,17024.21,0.14748072
2014-07-08,168.85,16906.62,0.14748072
2014-07-09,169.58,16985.61,0.14748072
2014-07-10,168.96,16915.07,0.14748072
2014-07-11,169.2,16943.81,0.14748072
2014-07-14,170.29,17055.42,0.14748072
2014-07-15,170.38,17060.68,0.14748072
2014-07-16,171.07,17138.2,0.14748072
2014-07-17,169.61,16976.81,0.14748072
2014-07-18,170.58,17100.18,0.14748072
2014-07-21,170.18,17051.73,0.14748072
2014-07-22,170.74,17113.54,0.14748072
2014-07-23,170.56,17086.63,0.14748072
2014-07-24,170.44,17083.8,0.14748072
2014-07-25,169.16,16960.57,0.14748072
2014-07-28,169.41,16982.59,0.14748072
2014-07-29,168.78,16912.11,0.14748072
2014-07-30,168.48,16880.36,0.14748072
2014-07-31,165.29,16563.3,0.14748072
2014-08-01,164.57,16493.37,0.14748072
2014-08-04,165.33,16569.28,0.14748072
2014-08-05,163.92,16429.47,0.14748072
2014-08-06,164.2,16443.34,0.14748072
2014-08-07,163.55,16368.27,0.14748072
2014-08-08,165.34,16553.93,0.14748072
2014-08-11,165.55,16569.98,0.14748072
2014-08-12,165.49,16560.54,0.14748072
2014-08-13,166.49,16651.8,0.14748072
2014-08-14,167.1,16713.58,0.14748072
2014-08-15,166.35,16662.91,0.14748072
2014-08-18,168.06,16838.74,0.14748072
2014-08-19,168.89,16919.59,0.14748072
2014-08-20,169.6,16979.13,0.14748072
2014-08-21,170.18,17039.49,0.14748072
2014-08-22,169.87,17001.22,0.14748072
2014-08-25,170.62,17076.87,0.14748072
2014-08-26,170.93,17106.7,0.14748072
2014-08-27,171.01,17122.01,0.14748072
2014-08-28,170.77,17079.57,0.14748072
2014-08-29,170.88,17098.45,0.14748072
2014-09-02,170.58,17067.56,0.14748072
2014-09-03,170.72,17078.28,0.14748072
2014-09-04,170.66,17069.58,0.14748072
2014-09-05,171.25,17137.36,0.14748072
2014-09-08,171.06,17111.42,0.14748072
2014-09-09,170.12,17013.87,0.14748072
2014-09-10,170.67,17068.71,0.14748072
2014-09-11,170.51,17049,0.14748072
2014-09-12,169.9,16987.51,0.14748072
2014-09-15,170.32,17031.14,0.14748072
2014-09-16,171.38,17131.97,0.14748072
2014-09-17,171.58,17156.85,0.14748072
2014-09-18,172.61,17265.99,0.14748072
2014-09-19,172.45,17279.74,0.14748072
2014-09-22,171.41,17172.68,0.14748072
2014-09-23,170.21,17055.87,0.14748072
2014-09-24,171.79,17210.06,0.14748072
2014-09-25,169.17,16945.8,0.14748072
2014-09-26,170.7,17113.15,0.14748072
2014-09-29,170.33,17071.22,0.14748072
2014-09-30,170.07,17042.9,0.14748072
2014-10-01,167.68,16804.71,0.14748072
2014-10-02,167.65,16801.05,0.14748072
2014-10-03,169.72,17009.69,0.14748072
2014-10-06,169.57,16991.91,0.14748072
2014-10-07,166.86,16719.39,0.14748072
2014-10-08,169.62,16994.22,0.14748072
2014-10-09,166.34,16659.25,0.14748072
2014-10-10,165.21,16544.1,0.14748072
2014-10-13,162.93,16321.07,0.14748072
2014-10-14,163.03,16315.19,0.14748072
2014-10-15,161.28,16141.74,0.14748072
2014-10-16,160.98,16117.24,0.14748072
2014-10-17,163.45,16380.41,0.14748072
2014-10-20,163.65,16399.67,0.14748072
2014-10-21,165.8,16614.81,0.14748072
2014-10-22,164.38,16461.32,0.14748072
2014-10-23,166.45,16677.9,0.14748072
2014-10-24,167.74,16805.41,0.14748072
2014-10-27,167.88,16817.94,0.14748072
2014-10-28,169.66,17005.75,0.14748072
2014-10-29,169.4,16974.31,0.14748072
2014-10-30,171.6,17195.42,0.14748072
2014-10-31,173.45,17390.52,0.14748072
2014-11-03,173.36,17366.24,0.14748072
2014-11-04,173.46,17383.84,0.14748072
2014-11-05,174.55,17484.53,0.14748072
2014-11-06,175.29,17554.47,0.14748072
2014-11-07,175.58,17573.93,0.14748072
2014-11-10,175.95,17613.74,0.14748072
2014-11-11,176.02,17614.9,0.14748072
2014-11-12,176.04,17612.2,0.14748072
2014-11-13,176.44,17652.79,0.14748072
2014-11-14,176.35,17634.74,0.14748072
2014-11-17,176.49,17647.75,0.14748072
2014-11-18,176.96,17687.82,0.14748072
2014-11-19,176.93,17685.73,0.14748072
2014-11-20,177.25,17719,0.14748072
2014-11-21,177.7,17810.06,0.14748072
2014-11-24,177.8,17817.9,0.14748072
2014-11-25,177.96,17814.94,0.14748072
2014-11-26,178.01,17827.75,0.14748072
2014-11-28,178.1,17828.24,0.14748072
2014-12-01,177.6,17776.8,0.14748072
2014-12-02,178.56,17879.55,0.14748072
2014-12-03,178.96,17912.62,0.14748072
2014-12-04,178.83,17900.1,0.14748072
2014-12-05,179.51,17958.79,0.14748072
2014-12-08,178.54,17852.48,0.14748072
2014-12-09,177.96,17801.2,0.14748072
2014-12-10,175.29,17533.15,0.14748072
2014-12-11,176.03,17596.34,0.14748072
2014-12-12,173,17280.83,0.14748072
2014-12-15,171.79,17180.84,0.14748072
2014-12-16,170.85,17068.87,0.14748072
2014-12-17,173.59,17356.87,0.14748072
2014-12-18,177.79,17778.15,0.14748072
2014-12-19,177.65,17804.8,0.14748072
2014-12-22,179.36,17959.44,0.14748072
2014-12-23,180.03,18024.17,0.14748072
2014-12-24,180.03,18030.21,0.14748072
2014-12-26,180.19,18053.71,0.14748072
2014-12-29,180.11,18038.23,0.14748072
2014-12-30,179.46,17983.07,0.14748072
2014-12-31,177.88,17823.07,0.14748072
2015-01-02,177.94,17832.99,0.14748072
2015-01-05,174.84,17501.65,0.14748072
2015-01-06,173.39,17371.64,0.14748072
2015-01-07,175.59,17584.52,0.14748072
2015-01-08,178.76,17907.87,0.14748072
2015-01-09,177.22,17737.37,0.14748072
2015-01-12,176.24,17640.84,0.14748072
2015-01-13,175.98,17613.68,0.14748072
2015-01-14,174.06,17427.09,0.14748072
2015-01-15,173.06,17320.71,0.14748072
2015-01-16,174.67,17511.57,0.14748072
2015-01-20,174.9,17515.23,0.14748072
2015-01-21,175.35,17554.28,0.14748072
2015-01-22,177.92,17813.98,0.14748072
2015-01-23,176.41,17672.6,0.14748072
2015-01-26,176.5,17678.7,0.14748072
2015-01-27,173.59,17387.21,0.14748072
2015-01-28,171.72,17191.37,0.14748072
2015-01-29,173.9,17416.85,0.14748072
2015-01-30,171.45,17164.95,0.14748072
2015-02-02,173.27,17361.04,0.14748072
2015-02-03,176.33,17666.4,0.14748072
2015-02-04,176.53,17673.02,0.14748072
2015-02-05,178.55,17884.88,0.14748072
2015-02-06,178.09,17824.29,0.14748072
2015-02-09,177.09,17729.21,0.14748072
2015-02-10,178.51,17868.76,0.14748072
2015-02-11,178.7,17862.14,0.14748072
2015-02-12,179.84,17972.38,0.14748072
2015-02-13,180.34,18019.35,0.14748072
2015-02-17,180.57,18047.58,0.14748072
2015-02-18,180.47,18029.85,0.14748072
2015-02-19,180.09,17985.77,0.14748072
2015-02-20,181.14,18140.44,0.14748072
2015-02-23,180.92,18116.84,0.14748072
2015-02-24,181.91,18209.19,0.14748072
2015-02-25,181.96,18224.57,0.14748072
2015-02-26,182.01,18214.42,0.14748072
2015-02-27,181.19,18132.7,0.14748072
2015-03-02,182.68,18288.63,0.14748072
2015-03-03,181.87,18203.37,0.14748072
2015-03-04,180.78,18096.9,0.14748072
2015-03-05,181.17,18135.72,0.14748072
2015-03-06,178.4,17856.78,0.14748072
2015-03-09,179.8,17995.72,0.14748072
2015-03-10,176.69,17662.94,0.14748072
2015-03-11,176.35,17635.39,0.14748072
2015-03-12,178.97,17895.22,0.14748072
2015-03-13,177.56,17749.31,0.14748072
2015-03-16,179.78,17977.42,0.14748072
2015-03-17,178.5,17849.08,0.14748072
2015-03-18,180.73,18076.19,0.14748072
2015-03-19,179.66,17959.03,0.14748072
2015-03-20,180.96,18127.65,0.14748072
2015-03-23,180.85,18116.04,0.14748072
2015-03-24,179.83,18011.14,0.14748072
2015-03-25,176.92,17718.54,0.14748072
2015-03-26,176.48,17678.23,0.14748072
2015-03-27,176.81,17712.66,0.14748072
2015-03-30,179.39,17976.31,0.14748072
2015-03-31,177.58,17776.12,0.14748072
2015-04-01,176.74,17698.18,0.14748072
2015-04-02,177.33,17763.24,0.14748072
2015-04-06,178.59,17880.85,0.14748072
2015-04-07,178.42,17875.42,0.14748072
2015-04-08,178.75,17902.51,0.14748072
2015-04-09,179.4,17958.73,0.14748072
2015-04-10,180.37,18057.65,0.14748072
2015-04-13,179.64,17977.04,0.14748072
2015-04-14,180.18,18036.7,0.14748072
2015-04-15,180.88,18112.61,0.14748072
2015-04-16,180.91,18105.77,0.14748072
2015-04-17,177.94,17826.3,0.14748072
2015-04-20,180.03,18034.93,0.14748072
2015-04-21,179.26,17949.59,0.14748072
2015-04-22,180.06,18038.27,0.14748072
2015-04-23,180.37,18058.69,0.14748072
2015-04-24,180.54,18080.14,0.14748072
2015-04-27,180.17,18037.97,0.14748072
2015-04-28,180.84,18110.14,0.14748072
2015-04-29,180.07,18035.53,0.14748072
2015-04-30,178.18,17840.52,0.14748072
2015-05-01,179.9,18024.06,0.14748072
2015-05-04,180.44,18070.4,0.14748072
2015-05-05,179.01,17928.2,0.14748072
2015-05-06,178.39,17841.98,0.14748072
2015-05-07,179.28,17924.06,0.14748072
2015-05-08,181.85,18191.11,0.14748072
2015-05-11,181.08,18105.17,0.14748072
2015-05-12,180.72,18068.23,0.14748072
2015-05-13,180.75,18060.49,0.14748072
2015-05-14,182.54,18252.24,0.14748072
2015-05-15,182.48,18272.56,0.14748072
2015-05-18,182.68,18298.88,0.14748072
2015-05-19,182.93,18312.39,0.14748072
2015-05-20,182.71,18285.4,0.14748072
2015-05-21,182.79,18285.74,0.14748072
2015-05-22,182.26,18232.02,0.14748072
2015-05-26,180.37,18041.54,0.14748072
2015-05-27,181.52,18162.99,0.14748072
2015-05-28,181.29,18126.12,0.14748072
2015-05-29,180.11,18010.68,0.14748072
2015-06-01,180.4,18040.37,0.14748072
2015-06-02,180.15,18011.94,0.14748072
2015-06-03,180.88,18076.27,0.14748072
2015-06-04,179.21,17905.58,0.14748072
2015-06-05,178.5,17849.46,0.14748072
2015-06-08,177.81,17766.55,0.14748072
2015-06-09,177.71,17764.04,0.14748072
2015-06-10,180.06,18000.4,0.14748072
2015-06-11,180.64,18039.37,0.14748072
2015-06-12,179.13,17898.84,0.14748072
2015-06-15,178.1,17791.17,0.14748072
2015-06-16,179.21,17904.48,0.14748072
2015-06-17,179.48,17935.74,0.14748072
2015-06-18,181.33,18115.84,0.14748072
2015-06-19,179.76,18015.95,0.14748072
2015-06-22,180.92,18119.78,0.14748072
2015-06-23,181.12,18144.07,0.14748072
2015-06-24,179.41,17966.07,0.14748072
2015-06-25,178.65,17890.36,0.14748072
2015-06-26,179.13,17946.68,0.14748072
2015-06-29,175.64,17596.35,0.14748072
2015-06-30,175.82,17619.51,0.14748072
2015-07-01,177.4,17757.91,0.14748072
2015-07-02,177.05,17730.11,0.14748072
2015-07-06,176.68,17683.58,0.14748072
2015-07-07,177.63,17776.91,0.14748072
2015-07-08,175,17515.42,0.14748072
2015-07-09,175.26,17548.62,0.14748072
2015-07-10,177.41,17760.41,0.14748072
2015-07-13,179.6,17977.68,0.14748072
2015-07-14,180.33,18053.58,0.14748072
2015-07-15,180.34,18050.17,0.14748072
2015-07-16,181.07,18120.25,0.14748072
2015-07-17,180.54,18086.45,0.14748072
2015-07-20,180.69,18100.41,0.14748072
2015-07-21,178.97,17919.29,0.14748072
2015-07-22,178.3,17851.04,0.14748072
2015-07-23,177.16,17731.92,0.14748072
2015-07-24,175.52,17568.53,0.14748072
2015-07-27,174.23,17440.59,0.14748072
2015-07-28,176.11,17630.27,0.14748072
2015-07-29,177.26,17751.39,0.14748072
2015-07-30,177.22,17745.98,0.14748072
2015-07-31,176.68,17689.86,0.14748072
2015-08-03,175.75,17598.2,0.14748072
2015-08-04,175.32,17550.69,0.14748072
2015-08-05,175.36,17540.47,0.14748072
2015-08-06,174.22,17419.75,0.14748072
2015-08-07,173.84,17373.38,0.14748072
2015-08-10,176.19,17615.17,0.14748072
2015-08-11,174.11,17402.84,0.14748072
2015-08-12,174.21,17402.51,0.14748072
2015-08-13,174.31,17408.25,0.14748072
2015-08-14,174.9,17477.4,0.14748072
2015-08-17,175.7,17545.18,0.14748072
2015-08-18,175.33,17511.34,0.14748072
2015-08-19,173.74,17348.73,0.14748072
2015-08-20,170.22,16990.69,0.14748072
2015-08-21,164.41,16459.75,0.14748072
2015-08-24,158.38,15871.35,0.14748072
2015-08-25,156.49,15666.44,0.14748072
2015-08-26,162.66,16285.51,0.14748072
2015-08-27,166.45,16654.77,0.14748072
2015-08-28,166.33,16643.01,0.14748072
2015-08-31,165.18,16528.03,0.14748072
2015-09-01,160.46,16058.35,0.14748072
2015-09-02,163.46,16351.38,0.14748072
2015-09-03,163.67,16374.76,0.14748072
2015-09-04,160.97,16102.38,0.14748072
2015-09-08,164.91,16492.68,0.14748072
2015-09-09,162.52,16253.57,0.14748072
2015-09-10,163.39,16330.4,0.14748072
2015-09-11,164.39,16433.09,0.14748072
2015-09-14,163.77,16370.96,0.14748072
2015-09-15,166.11,16599.85,0.14748072
2015-09-16,167.51,16739.95,0.14748072
2015-09-17,166.81,16674.74,0.14748072
2015-09-18,163.54,16384.58,0.14748072
2015-09-21,164.9,16510.19,0.14748072
2015-09-22,163,16330.47,0.14748072
2015-09-23,162.59,16279.89,0.14748072
2015-09-24,161.87,16201.32,0.14748072
2015-09-25,162.88,16314.67,0.14748072
2015-09-28,159.79,16001.89,0.14748072
2015-09-29,160.23,16049.13,0.14748072
2015-09-30,162.62,16284.7,0.14748072
2015-10-01,162.49,16272.01,0.14748072
2015-10-02,164.58,16472.37,0.14748072
2015-10-05,167.58,16776.43,0.14748072
2015-10-06,167.69,16790.19,0.14748072
2015-10-07,168.95,16912.29,0.14748072
2015-10-08,170.37,17050.75,0.14748072
2015-10-09,170.76,17084.49,0.14748072
2015-10-12,171.17,17131.86,0.14748072
2015-10-13,170.64,17081.89,0.14748072
2015-10-14,169.07,16924.75,0.14748072
2015-10-15,171.32,17141.75,0.14748072
2015-10-16,171.88,17215.97,0.14748072
2015-10-19,172.12,17230.54,0.14748072
2015-10-20,172.01,17217.11,0.14748072
2015-10-21,171.48,17168.61,0.14748072
2015-10-22,174.8,17489.16,0.14748072
2015-10-23,176.37,17646.7,0.14748072
2015-10-26,176.02,17623.05,0.14748072
2015-10-27,175.67,17581.43,0.14748072
2015-10-28,177.68,17779.52,0.14748072
2015-10-29,177.38,17755.8,0.14748072
2015-10-30,176.49,17663.54,0.14748072
2015-11-02,178.12,17828.76,0.14748072
2015-11-03,179.07,17918.15,0.14748072
2015-11-04,178.65,17867.58,0.14748072
2015-11-05,178.64,17863.43,0.14748072
2015-11-06,179.14,17910.33,0.14748072
2015-11-09,177.42,17730.48,0.14748072
2015-11-10,177.78,17758.21,0.14748072
2015-11-11,177.21,17702.22,0.14748072
2015-11-12,174.67,17448.07,0.14748072
2015-11-13,172.61,17245.24,0.14748072
2015-11-16,175.02,17483.01,0.14748072
2015-11-17,175.16,17489.5,0.14748072
2015-11-18,177.73,17737.16,0.14748072
2015-11-19,177.66,17732.75,0.14748072
2015-11-20,178.06,17823.81,0.14748072
2015-11-23,177.74,17792.68,0.14748072
2015-11-24,177.98,17812.19,0.14748072
2015-11-25,177.93,17813.39,0.14748072
2015-11-27,177.9,17798.49,0.14748072
2015-11-30,177.23,17719.92,0.14748072
2015-12-01,178.81,17888.35,0.14748072
2015-12-02,177.29,17729.68,0.14748072
2015-12-03,174.83,17477.67,0.14748072
2015-12-04,178.42,17847.63,0.14748072
2015-12-07,177.34,17730.51,0.14748072
2015-12-08,175.77,17568,0.14748072
2015-12-09,174.99,17492.3,0.14748072
2015-12-10,175.88,17574.75,0.14748072
2015-12-11,172.73,17265.21,0.14748072
2015-12-14,173.9,17368.5,0.14748072
2015-12-15,175.46,17524.91,0.14748072
2015-12-16,177.64,17749.09,0.14748072
2015-12-17,175.1,17495.84,0.14748072
2015-12-18,171,17128.55,0.14748072
2015-12-21,172.25,17251.62,0.14748072
2015-12-22,174.01,17417.27,0.14748072
2015-12-23,175.81,17602.61,0.14748072
2015-12-24,175.22,17552.17,0.14748072
2015-12-28,174.98,17528.27,0.14748072
2015-12-29,176.98,17720.98,0.14748072
2015-12-30,175.8,17603.87,0.14748072
2015-12-31,173.99,17425.03,0.14748072
2016-01-04,171.29,17148.94,0.14748072
2016-01-05,171.39,17158.66,0.14748072
2016-01-06,168.94,16906.51,0.14748072
2016-01-07,164.96,16514.1,0.14748072
2016-01-08,163.24,16346.45,0.14748072
2016-01-11,163.83,16398.57,0.14748072
2016-01-12,164.95,16516.22,0.14748072
2016-01-13,161.35,16151.41,0.14748072
2016-01-14,163.59,16379.05,0.14748072
2016-01-15,159.68,15988.08,0.14748072
2016-01-19,160.02,16016.02,0.14748072
2016-01-20,157.61,15766.74,0.14748072
2016-01-21,158.6,15882.68,0.14748072
2016-01-22,160.79,16093.51,0.14748072
2016-01-25,158.7,15885.22,0.14748072
2016-01-26,161.54,16167.23,0.14748072
2016-01-27,159.3,15944.46,0.14748072
2016-01-28,160.51,16069.64,0.14748072
2016-01-29,164.37,16466.3,0.14748072
2016-02-01,164.34,16449.18,0.14748072
2016-02-02,161.41,16153.54,0.14748072
2016-02-03,163.2,16336.66,0.14748072
2016-02-04,164.14,16416.58,0.14748072
2016-02-05,161.94,16204.97,0.14748072
2016-02-08,160.35,16027.05,0.14748072
2016-02-09,160.24,16014.38,0.14748072
2016-02-10,159.39,15914.74,0.14748072
2016-02-11,156.8,15660.18,0.14748072
2016-02-12,159.98,15973.84,0.14748072
2016-02-16,162.2,16196.41,0.14748072
2016-02-17,164.93,16453.83,0.14748072
2016-02-18,164.52,16413.43,0.14748072
2016-02-19,163.7,16391.99,0.14748072
2016-02-22,165.94,16620.66,0.14748072
2016-02-23,164.15,16431.78,0.14748072
2016-02-24,164.67,16484.99,0.14748072
2016-02-25,166.84,16697.29,0.14748072
2016-02-26,166.28,16639.97,0.14748072
2016-02-29,164.96,16516.5,0.14748072
2016-03-01,168.52,16865.08,0.14748072
2016-03-02,168.89,16899.32,0.14748072
2016-03-03,169.35,16943.9,0.14748072
2016-03-04,170.02,17006.77,0.14748072
2016-03-07,170.62,17073.95,0.14748072
2016-03-08,169.62,16964.1,0.14748072
2016-03-09,170.02,17000.36,0.14748072
2016-03-10,170.06,16995.13,0.14748072
2016-03-11,172.23,17213.31,0.14748072
2016-03-14,172.41,17229.13,0.14748072
2016-03-15,172.64,17251.53,0.14748072
2016-03-16,173.47,17325.76,0.14748072
2016-03-17,174.94,17481.49,0.14748072
2016-03-18,175.69,17602.3,0.14748072
2016-03-21,176.01,17623.87,0.14748072
2016-03-22,175.7,17582.57,0.14748072
2016-03-23,174.81,17502.59,0.14748072
2016-03-24,174.94,17515.73,0.14748072
2016-03-28,175.12,17535.39,0.14748072
2016-03-29,176.07,17633.11,0.14748072
2016-03-30,176.89,17716.66,0.14748072
2016-03-31,176.64,17685.09,0.14748072
2016-04-01,177.72,17792.75,0.14748072
2016-04-04,177.12,17737,0.14748072
2016-04-05,175.82,17603.32,0.14748072
2016-04-06,177.04,17716.05,0.14748072
2016-04-07,175.29,17541.96,0.14748072
2016-04-08,175.66,17576.96,0.14748072
2016-04-11,175.44,17556.41,0.14748072
2016-04-12,177.09,17721.25,0.14748072
2016-04-13,178.92,17908.28,0.14748072
2016-04-14,179.11,17926.43,0.14748072
2016-04-15,178.68,17897.46,0.14748072
2016-04-18,179.78,18004.16,0.14748072
2016-04-19,180.32,18053.6,0.14748072
2016-04-20,180.75,18096.27,0.14748072
2016-04-21,179.7,17982.52,0.14748072
2016-04-22,179.9,18003.75,0.14748072
2016-04-25,179.54,17977.24,0.14748072
2016-04-26,179.64,17990.32,0.14748072
2016-04-27,180.25,18041.55,0.14748072
2016-04-28,178.2,17830.76,0.14748072
2016-04-29,177.59,17773.64,0.14748072
2016-05-02,178.7,17891.16,0.14748072
2016-05-03,177.3,17750.91,0.14748072
2016-05-04,176.32,17651.26,0.14748072
2016-05-05,176.44,17660.71,0.14748072
2016-05-06,177.34,17740.63,0.14748072
2016-05-09,176.98,17705.91,0.14748072
2016-05-10,179.2,17928.35,0.14748072
2016-05-11,177.3,17711.12,0.14748072
2016-05-12,177.42,17720.5,0.14748072
2016-05-13,175.48,17535.32,0.14748072
2016-05-16,177.26,17710.71,0.14748072
2016-05-17,175.56,17529.98,0.14748072
2016-05-18,175.63,17526.62,0.14748072
2016-05-19,174.68,17435.4,0.14748072
2016-05-20,174.76,17500.94,0.14748072
2016-05-23,174.78,17492.93,0.14748072
2016-05-24,176.86,17706.05,0.14748072
2016-05-25,178.28,17851.51,0.14748072
2016-05-26,178.08,17828.29,0.14748072
2016-05-27,178.5,17873.22,0.14748072
2016-05-31,177.65,17787.2,0.14748072
2016-06-01,177.73,17789.67,0.14748072
2016-06-02,178.28,17838.56,0.14748072
2016-06-03,178.06,17807.06,0.14748072
2016-06-06,179.18,17920.33,0.14748072
2016-06-07,179.38,17938.28,0.14748072
2016-06-08,180.06,18005.05,0.14748072
2016-06-09,179.88,17985.19,0.14748072
2016-06-10,178.71,17865.34,0.14748072
2016-06-13,177.36,17732.48,0.14748072
2016-06-14,176.81,17674.82,0.14748072
2016-06-15,176.57,17640.17,0.14748072
2016-06-16,177.46,17733.1,0.14748072
2016-06-17,176.52,17675.16,0.14748072
2016-06-20,177.8,17804.87,0.14748072
2016-06-21,178.06,17829.73,0.14748072
2016-06-22,177.57,17780.83,0.14748072
2016-06-23,179.81,18011.07,0.14748072
2016-06-24,173.76,17400.75,0.14748072
2016-06-27,171.2,17140.24,0.14748072
2016-06-28,173.82,17409.72,0.14748072
2016-06-29,176.64,17694.68,0.14748072
2016-06-30,179,17929.99,0.14748072
2016-07-01,179.31,17949.37,0.14748072
2016-07-05,178.21,17840.62,0.14748072
2016-07-06,178.98,17918.62,0.14748072
2016-07-07,178.79,17895.88,0.14748072
2016-07-08,181.3,18146.74,0.14748072
2016-07-11,182.12,18226.93,0.14748072
2016-07-12,183.39,18347.67,0.14748072
2016-07-13,183.6,18372.12,0.14748072
2016-07-14,184.96,18506.41,0.14748072
2016-07-15,184.88,18516.55,0.14748072
2016-07-18,185.08,18533.05,0.14748072
2016-07-19,185.42,18559.01,0.14748072
2016-07-20,185.78,18595.03,0.14748072
2016-07-21,184.98,18517.23,0.14748072
2016-07-22,185.51,18570.85,0.14748072
2016-07-25,184.81,18493.06,0.14748072
2016-07-26,184.6,18473.75,0.14748072
2016-07-27,184.58,18472.17,0.14748072
2016-07-28,184.38,18456.35,0.14748072
2016-07-29,184.13,18432.24,0.14748072
2016-08-01,183.87,18404.51,0.14748072
2016-08-02,182.97,18313.77,0.14748072
2016-08-03,183.36,18355,0.14748072
2016-08-04,183.45,18352.05,0.14748072
2016-08-05,185.26,18543.53,0.14748072
2016-08-08,185.28,18529.29,0.14748072
2016-08-09,185.35,18533.05,0.14748072
2016-08-10,185.12,18495.66,0.14748072
2016-08-11,186.3,18613.52,0.14748072
2016-08-12,185.9,18576.47,0.14748072
2016-08-15,186.52,18636.05,0.14748072
2016-08-16,185.76,18552.02,0.14748072
2016-08-17,186.1,18573.94,0.14748072
2016-08-18,186.34,18597.7,0.14748072
2016-08-19,185.32,18552.57,0.14748072
2016-08-22,185.12,18529.42,0.14748072
2016-08-23,185.3,18547.3,0.14748072
2016-08-24,184.66,18481.48,0.14748072
2016-08-25,184.37,18448.41,0.14748072
2016-08-26,183.82,18395.4,0.14748072
2016-08-29,184.83,18502.99,0.14748072
2016-08-30,184.51,18454.3,0.14748072
2016-08-31,183.94,18400.88,0.14748072
2016-09-01,184.1,18419.3,0.14748072
2016-09-02,184.86,18491.96,0.14748072
2016-09-06,185.32,18538.12,0.14748072
2016-09-07,185.32,18526.14,0.14748072
2016-09-08,184.82,18479.91,0.14748072
2016-09-09,180.91,18085.45,0.14748072
2016-09-12,183.3,18325.07,0.14748072
2016-09-13,180.8,18066.75,0.14748072
2016-09-14,180.43,18034.77,0.14748072
2016-09-15,182.26,18212.48,0.14748072
2016-09-16,180.97,18123.8,0.14748072
2016-09-19,180.98,18120.17,0.14748072
2016-09-20,181.05,18129.96,0.14748072
2016-09-21,182.66,18293.7,0.14748072
2016-09-22,183.66,18392.46,0.14748072
2016-09-23,182.42,18261.45,0.14748072
2016-09-26,180.75,18094.83,0.14748072
2016-09-27,182,18228.3,0.14748072
2016-09-28,183.1,18339.24,0.14748072
2016-09-29,181.22,18143.45,0.14748072
2016-09-30,182.78,18308.15,0.14748072
2016-10-03,182.32,18253.85,0.14748072
2016-10-04,181.48,18168.45,0.14748072
2016-10-05,182.66,18281.03,0.14748072
2016-10-06,182.52,18268.5,0.14748072
2016-10-07,182.22,18240.49,0.14748072
2016-10-10,183.12,18329.04,0.14748072
2016-10-11,181.2,18128.66,0.14748072
2016-10-12,181.37,18144.2,0.14748072
2016-10-13,180.84,18098.94,0.14748072
2016-10-14,181.29,18138.38,0.14748072
2016-10-17,180.72,18086.4,0.14748072
2016-10-18,181.37,18161.94,0.14748072
2016-10-19,182,18202.62,0.14748072
2016-10-20,181.54,18162.35,0.14748072
2016-10-21,181.22,18145.71,0.14748072
2016-10-24,181.96,18223.03,0.14748072
2016-10-25,181.48,18169.27,0.14748072
2016-10-26,181.77,18199.33,0.14748072
2016-10-27,181.53,18169.68,0.14748072
2016-10-28,181.36,18161.19,0.14748072
2016-10-31,181.17,18142.42,0.14748072
2016-11-01,180.12,18037.1,0.14748072
2016-11-02,179.35,17959.64,0.14748072
2016-11-03,179.11,17930.67,0.14748072
2016-11-04,178.71,17888.28,0.14748072
2016-11-07,182.36,18259.6,0.14748072
2016-11-08,183.38,18332.74,0.14748072
2016-11-09,185.96,18589.69,0.14748072
2016-11-10,188.13,18807.88,0.14748072
2016-11-11,188.47,18847.66,0.14748072
2016-11-14,188.77,18868.69,0.14748072
2016-11-15,189.34,18923.06,0.14748072
2016-11-16,188.98,18868.14,0.14748072
2016-11-17,189.3,18903.82,0.14748072
2016-11-18,188.46,18867.93,0.14748072
2016-11-21,189.34,18956.69,0.14748072
2016-11-22,190.02,19023.87,0.14748072
2016-11-23,190.59,19083.18,0.14748072
2016-11-25,191.3,19152.14,0.14748072
2016-11-28,190.78,19097.9,0.14748072
2016-11-29,191.19,19121.6,0.14748072
2016-11-30,191.4,19123.58,0.14748072
2016-12-01,191.9,19191.93,0.14748072
2016-12-02,191.74,19170.42,0.14748072
2016-12-05,192.22,19216.24,0.14748072
2016-12-06,192.49,19251.78,0.14748072
2016-12-07,195.48,19549.62,0.14748072
2016-12-08,196.28,19614.81,0.14748072
2016-12-09,197.69,19756.85,0.14748072
2016-12-12,198.08,19796.43,0.14748072
2016-12-13,199.23,19911.21,0.14748072
2016-12-14,198.14,19792.53,0.14748072
2016-12-15,198.66,19852.24,0.14748072
2016-12-16,198.19,19843.41,0.14748072
2016-12-19,198.6,19883.06,0.14748072
2016-12-20,199.42,19974.62,0.14748072
2016-12-21,199.16,19941.96,0.14748072
2016-12-22,198.97,19918.88,0.14748072
2016-12-23,199.05,19933.81,0.14748072
2016-12-27,199.21,19945.04,0.14748072
2016-12-28,198.08,19833.68,0.14748072
2016-12-29,197.99,19819.78,0.14748072
2016-12-30,197.51,19762.6,0.14748072
2017-01-03,198.42,19881.76,0.14748072
2017-01-04,199.15,19942.16,0.14748072
2017-01-05,198.75,19899.29,0.14748072
2017-01-06,199.51,19963.8,0.14748072
2017-01-09,198.76,19887.38,0.14748072
2017-01-10,198.4,19855.53,0.14748072
2017-01-11,199.33,19954.28,0.14748072
2017-01-12,198.75,19891,0.14748072
2017-01-13,198.7,19885.73,0.14748072
2017-01-17,198.09,19826.77,0.14748072
2017-01-18,197.95,19804.72,0.14748072
2017-01-19,197.28,19732.4,0.14748072
2017-01-20,197.96,19827.25,0.14748072
2017-01-23,197.78,19799.85,0.14748072
2017-01-24,198.84,19912.71,0.14748072
2017-01-25,200.42,20068.51,0.14748072
2017-01-26,200.72,20100.91,0.14748072
2017-01-27,200.63,20093.78,0.14748072
2017-01-30,199.38,19971.13,0.14748072
2017-01-31,198.36,19864.09,0.14748072
2017-02-01,198.63,19890.94,0.14748072
2017-02-02,198.61,19884.91,0.14748072
2017-02-03,200.38,20071.46,0.14748072
2017-02-06,200.28,20052.42,0.14748072
2017-02-07,200.58,20090.29,0.14748072
2017-02-08,200.51,20054.34,0.14748072
2017-02-09,201.72,20172.4,0.14748072
2017-02-10,202.74,20269.37,0.14748072
2017-02-13,204.2,20412.16,0.14748072
2017-02-14,205.17,20504.41,0.14748072
2017-02-15,206.38,20611.86,0.14748072
2017-02-16,206.48,20619.77,0.14748072
2017-02-17,205.88,20624.05,0.14748072
2017-02-21,207.07,20743,0.14748072
2017-02-22,207.45,20775.6,0.14748072
2017-02-23,207.82,20810.32,0.14748072
2017-02-24,207.93,20821.76,0.14748072
2017-02-27,208.29,20837.44,0.14748072
2017-02-28,207.98,20812.24,0.14748072
2017-03-01,211.02,21115.55,0.14748072
2017-03-02,209.89,21002.97,0.14748072
2017-03-03,209.91,21005.71,0.14748072
2017-03-06,209.48,20954.34,0.14748072
2017-03-07,209.17,20924.76,0.14748072
2017-03-08,208.61,20855.73,0.14748072
2017-03-09,208.67,20858.19,0.14748072
2017-03-10,209.15,20902.98,0.14748072
2017-03-13,208.94,20881.48,0.14748072
2017-03-14,208.54,20837.37,0.14748072
2017-03-15,209.58,20950.1,0.14748072
2017-03-16,209.44,20934.55,0.14748072
2017-03-17,208.86,20914.62,0.14748072
2017-03-20,208.81,20905.86,0.14748072
2017-03-21,206.35,20668.01,0.14748072
2017-03-22,206.41,20661.3,0.14748072
2017-03-23,206.31,20656.58,0.14748072
2017-03-24,205.75,20596.72,0.14748072
2017-03-27,205.23,20550.98,0.14748072
2017-03-28,206.75,20701.5,0.14748072
2017-03-29,206.31,20659.32,0.14748072
2017-03-30,206.96,20728.49,0.14748072
2017-03-31,206.34,20663.22,0.14748072
2017-04-03,206.25,20650.21,0.14748072
2017-04-04,206.65,20689.24,0.14748072
2017-04-05,206.26,20648.15,0.14748072
2017-04-06,206.45,20662.95,0.14748072
2017-04-07,206.38,20656.1,0.14748072
2017-04-10,206.39,20658.02,0.14748072
2017-04-11,206.33,20651.3,0.14748072
2017-04-12,205.67,20591.86,0.14748072
2017-04-13,204.37,20453.25,0.14748072
2017-04-17,206.17,20636.92,0.14748072
2017-04-18,205.08,20523.28,0.14748072
2017-04-19,203.85,20404.49,0.14748072
2017-04-20,205.7,20578.71,0.14748072
2017-04-21,205.25,20547.76,0.14748072
2017-04-24,207.38,20763.89,0.14748072
2017-04-25,209.68,20996.12,0.14748072
2017-04-26,209.47,20975.09,0.14748072
2017-04-27,209.56,20981.33,0.14748072
2017-04-28,209.08,20940.51,0.14748072
2017-05-01,208.92,20913.46,0.14748072
2017-05-02,209.13,20949.89,0.14748072
2017-05-03,209.22,20957.9,0.14748072
2017-05-04,209.19,20951.47,0.14748072
2017-05-05,209.77,21006.94,0.14748072
2017-05-08,209.92,21012.28,0.14748072
2017-05-09,209.62,20975.78,0.14748072
2017-05-10,209.48,20943.11,0.14748072
2017-05-11,209.28,20919.42,0.14748072
2017-05-12,209.01,20896.61,0.14748072
2017-05-15,209.93,20981.94,0.14748072
2017-05-16,209.95,20979.75,0.14748072
2017-05-17,206.47,20606.93,0.14748072
2017-05-18,206.96,20663.02,0.14748072
2017-05-19,207.77,20804.84,0.14748072
2017-05-22,208.65,20894.83,0.14748072
2017-05-23,209.12,20937.91,0.14748072
2017-05-24,209.82,21012.42,0.14748072
2017-05-25,210.58,21082.95,0.14748072
2017-05-26,210.54,21080.28,0.14748072
2017-05-30,210.21,21029.47,0.14748072
2017-05-31,210,21008.65,0.14748072
2017-06-01,211.4,21144.18,0.14748072
2017-06-02,211.91,21206.29,0.14748072
2017-06-05,211.86,21184.04,0.14748072
2017-06-06,211.37,21136.23,0.14748072
2017-06-07,211.72,21173.69,0.14748072
2017-06-08,211.86,21182.53,0.14748072
2017-06-09,212.67,21271.97,0.14748072
2017-06-12,212.4,21235.67,0.14748072
2017-06-13,213.37,21328.47,0.14748072
2017-06-14,213.84,21374.56,0.14748072
2017-06-15,213.69,21359.9,0.14748072
2017-06-16,213.56,21384.28,0.14748072
2017-06-19,214.92,21528.99,0.14748072
2017-06-20,214.4,21467.14,0.14748072
2017-06-21,213.89,21410.03,0.14748072
2017-06-22,213.73,21397.29,0.14748072
2017-06-23,213.74,21394.76,0.14748072
2017-06-26,213.87,21409.55,0.14748072
2017-06-27,212.93,21310.66,0.14748072
2017-06-28,214.24,21454.61,0.14748072
2017-06-29,212.61,21287.03,0.14748072
2017-06-30,213.24,21349.63,0.14748072
2017-07-03,214.49,21479.27,0.14748072
2017-07-05,214.58,21478.17,0.14748072
2017-07-06,213.14,21320.04,0.14748072
2017-07-07,214.05,21414.34,0.14748072
2017-07-10,213.99,21408.52,0.14748072
2017-07-11,213.98,21409.07,0.14748072
2017-07-12,215.23,21532.14,0.14748072
2017-07-13,215.46,21553.09,0.14748072
2017-07-14,216.26,21637.74,0.14748072
2017-07-17,216.22,21629.72,0.14748072
2017-07-18,215.7,21574.73,0.14748072
2017-07-19,216.32,21640.75,0.14748072
2017-07-20,216.19,21611.78,0.14748072
2017-07-21,215.53,21580.07,0.14748072
2017-07-24,215.09,21513.17,0.14748072
2017-07-25,215.86,21613.43,0.14748072
2017-07-26,216.81,21711.01,0.14748072
2017-07-27,217.72,21796.55,0.14748072
2017-07-28,218.02,21830.31,0.14748072
2017-07-31,218.7,21891.12,0.14748072
2017-08-01,219.37,21963.92,0.14748072
2017-08-02,219.89,22016.24,0.14748072
2017-08-03,220.06,22026.1,0.14748072
2017-08-04,220.57,22092.81,0.14748072
2017-08-07,220.85,22118.42,0.14748072
2017-08-08,220.69,22085.34,0.14748072
2017-08-09,220.5,22048.7,0.14748072
2017-08-10,218.6,21844.01,0.14748072
2017-08-11,218.7,21858.32,0.14748072
2017-08-14,219.97,21993.71,0.14748072
2017-08-15,220.16,21998.99,0.14748072
2017-08-16,220.47,22024.87,0.14748072
2017-08-17,217.81,21750.73,0.14748072
2017-08-18,216.53,21674.51,0.14748072
2017-08-21,216.74,21703.75,0.14748072
2017-08-22,218.69,21899.89,0.14748072
2017-08-23,217.92,21812.09,0.14748072
2017-08-24,217.66,21783.4,0.14748072
2017-08-25,218.04,21813.67,0.14748072
2017-08-28,217.94,21808.4,0.14748072
2017-08-29,218.59,21865.37,0.14748072
2017-08-30,218.93,21892.43,0.14748072
2017-08-31,219.52,21948.1,0.14748072
2017-09-01,219.92,21987.56,0.14748072
2017-09-05,217.67,21753.31,0.14748072
2017-09-06,218.25,21807.64,0.14748072
2017-09-07,218.11,21784.78,0.14748072
2017-09-08,218.24,21797.79,0.14748072
2017-09-11,220.76,22057.37,0.14748072
2017-09-12,221.42,22118.86,0.14748072
2017-09-13,221.76,22158.18,0.14748072
2017-09-14,222.32,22203.48,0.14748072
2017-09-15,222.45,22268.34,0.14748072
2017-09-18,223.16,22331.35,0.14748072
2017-09-19,223.58,22370.8,0.14748072
2017-09-20,223.9,22412.59,0.14748072
2017-09-21,223.47,22359.23,0.14748072
2017-09-22,223.2,22349.59,0.14748072
2017-09-25,222.82,22296.09,0.14748072
2017-09-26,222.69,22284.32,0.14748072
2017-09-27,223.12,22340.71,0.14748072
2017-09-28,223.6,22381.2,0.14748072
2017-09-29,223.82,22405.09,0.14748072
2017-10-02,225.24,22557.6,0.14748072
2017-10-03,226.24,22641.67,0.14748072
2017-10-04,226.41,22661.64,0.14748072
2017-10-05,227.64,22775.39,0.14748072
2017-10-06,227.55,22773.67,0.14748072
2017-10-09,227.53,22761.07,0.14748072
2017-10-10,228.26,22830.68,0.14748072
2017-10-11,228.61,22872.89,0.14748072
2017-10-12,228.33,22841.01,0.14748072
2017-10-13,228.73,22871.72,0.14748072
2017-10-16,229.45,22956.96,0.14748072
2017-10-17,229.85,22997.44,0.14748072
2017-10-18,231.46,23157.6,0.14748072
2017-10-19,231.65,23163.04,0.14748072
2017-10-20,233.13,23328.63,0.14748072
2017-10-23,232.65,23273.96,0.14748072
2017-10-24,234.29,23441.76,0.14748072
2017-10-25,233.16,23329.46,0.14748072
2017-10-26,233.85,23400.86,0.14748072
2017-10-27,234.17,23434.19,0.14748072
2017-10-30,233.33,23348.74,0.14748072
2017-10-31,233.63,23377.24,0.14748072
2017-11-01,234.19,23435.01,0.14748072
2017-11-02,234.96,23516.26,0.14748072
2017-11-03,235.18,23539.19,0.14748072
2017-11-06,235.41,23548.42,0.14748072
2017-11-07,235.42,23557.23,0.14748072
2017-11-08,235.46,23563.36,0.14748072
2017-11-09,234.72,23461.94,0.14748072
2017-11-10,234.43,23422.21,0.14748072
2017-11-13,234.66,23439.7,0.14748072
2017-11-14,234.28,23409.47,0.14748072
2017-11-15,232.96,23271.28,0.14748072
2017-11-16,234.91,23458.36,0.14748072
2017-11-17,233.39,23358.24,0.14748072
2017-11-20,234.15,23430.33,0.14748072
2017-11-21,235.73,23590.83,0.14748072
2017-11-22,235.17,23526.18,0.14748072
2017-11-24,235.47,23557.99,0.14748072
2017-11-27,235.73,23580.78,0.14748072
2017-11-28,238.34,23836.71,0.14748072
2017-11-29,239.42,23940.68,0.14748072
2017-11-30,242.84,24272.35,0.14748072
2017-12-01,242.45,24231.59,0.14748072
2017-12-04,243.11,24290.05,0.14748072
2017-12-05,242.01,24180.64,0.14748072
2017-12-06,241.62,24140.91,0.14748072
2017-12-07,242.36,24211.48,0.14748072
2017-12-08,243.62,24329.16,0.14748072
2017-12-11,244.17,24386.03,0.14748072
2017-12-12,245.44,24504.8,0.14748072
2017-12-13,246.3,24585.43,0.14748072
2017-12-14,245.57,24508.66,0.14748072
2017-12-15,246.25,24651.74,0.14748072
2017-12-18,247.79,24792.2,0.14748072
2017-12-19,247.4,24754.75,0.14748072
2017-12-20,247.07,24726.65,0.14748072
2017-12-21,247.66,24782.29,0.14748072
2017-12-22,247.4,24754.06,0.14748072
2017-12-26,247.25,24746.21,0.14748072
2017-12-27,247.48,24774.3,0.14748072
2017-12-28,248.13,24837.51,0.14748072
2017-12-29,247.38,24719.22,0.14748072
2018-01-02,248.02,24824.01,0.14748072
2018-01-03,248.95,24922.68,0.14748072
2018-01-04,250.6,25075.13,0.14748072
2018-01-05,252.72,25295.87,0.14748072
2018-01-08,252.59,25283,0.14748072
2018-01-09,253.82,25385.8,0.14748072
2018-01-10,253.62,25369.13,0.14748072
2018-01-11,255.61,25574.73,0.14748072
2018-01-12,257.91,25803.19,0.14748072
2018-01-16,257.81,25792.86,0.14748072
2018-01-17,261.08,26115.65,0.14748072
2018-01-18,260.16,26017.81,0.14748072
2018-01-19,260.54,26071.72,0.14748072
2018-01-22,261.98,26214.6,0.14748072
2018-01-23,261.87,26210.81,0.14748072
2018-01-24,262.57,26252.12,0.14748072
2018-01-25,263.75,26392.79,0.14748072
2018-01-26,265.91,26616.71,0.14748072
2018-01-29,264.16,26439.48,0.14748072
2018-01-30,260.62,26076.89,0.14748072
2018-01-31,261.44,26149.39,0.14748072
2018-02-01,261.62,26186.71,0.14748072
2018-02-02,254.93,25520.96,0.14748072
2018-02-05,243.27,24345.75,0.14748072
2018-02-06,248.96,24912.77,0.14748072
2018-02-07,248.76,24893.35,0.14748072
2018-02-08,238.67,23860.46,0.14748072
2018-02-09,242.03,24190.9,0.14748072
2018-02-12,246.17,24601.27,0.14748072
2018-02-13,246.57,24640.45,0.14748072
2018-02-14,249.3,24893.49,0.14748072
2018-02-15,252.5,25200.37,0.14748072
2018-02-16,251.96,25219.38,0.14748072
2018-02-20,249.35,24964.75,0.14748072
2018-02-21,247.72,24797.78,0.14748072
2018-02-22,249.49,24962.48,0.14748072
2018-02-23,252.91,25309.99,0.14748072
2018-02-26,256.92,25709.27,0.14748072
2018-02-27,253.96,25410.03,0.14748072
2018-02-28,250.2,25029.2,0.14748072
2018-03-01,245.98,24608.98,0.14748072
2018-03-02,245.35,24538.06,0.14748072
2018-03-05,248.84,24874.76,0.14748072
2018-03-06,248.84,24884.12,0.14748072
2018-03-07,248.11,24801.36,0.14748072
2018-03-08,249.14,24895.21,0.14748072
2018-03-09,253.56,25335.74,0.14748072
2018-03-12,251.96,25178.61,0.14748072
2018-03-13,250.22,25007.03,0.14748072
2018-03-14,247.88,24758.12,0.14748072
2018-03-15,249,24873.66,0.14748072
2018-03-16,249.1,24946.51,0.14748072
2018-03-19,245.91,24610.91,0.14748072
2018-03-20,247.1,24727.27,0.14748072
2018-03-21,246.62,24682.31,0.14748072
2018-03-22,239.36,23957.89,0.14748072
2018-03-23,235.13,23533.2,0.14748072
2018-03-26,241.82,24202.6,0.14748072
2018-03-27,238.29,23857.71,0.14748072
2018-03-28,238.28,23848.42,0.14748072
2018-03-29,241.4,24103.11,0.14748072
2018-04-02,236.15,23644.19,0.14748072
2018-04-03,240.15,24033.36,0.14748072
2018-04-04,242.46,24264.3,0.14748072
2018-04-05,244.91,24505.22,0.14748072
2018-04-06,239.13,23932.76,0.14748072
2018-04-09,239.73,23979.1,0.14748072
2018-04-10,244.01,24408,0.14748072
2018-04-11,241.88,24189.45,0.14748072
2018-04-12,244.81,24483.05,0.14748072
2018-04-13,243.58,24360.14,0.14748072
2018-04-16,245.62,24573.04,0.14748072
2018-04-17,247.8,24786.63,0.14748072
2018-04-18,247.38,24748.07,0.14748072
2018-04-19,246.57,24664.89,0.14748072
2018-04-20,244.48,24462.94,0.14748072
2018-04-23,244.35,24448.69,0.14748072
2018-04-24,240.09,24024.13,0.14748072
2018-04-25,240.7,24083.83,0.14748072
2018-04-26,243.12,24322.34,0.14748072
2018-04-27,242.95,24311.19,0.14748072
2018-04-30,241.54,24163.15,0.14748072
2018-05-01,240.76,24099.05,0.14748072
2018-05-02,239.11,23924.98,0.14748072
2018-05-03,239.1,23930.15,0.14748072
2018-05-04,242.52,24262.51,0.14748072
2018-05-07,243.42,24357.32,0.14748072
2018-05-08,243.42,24360.21,0.14748072
2018-05-09,245.4,24542.54,0.14748072
2018-05-10,247.46,24739.53,0.14748072
2018-05-11,248.54,24831.17,0.14748072
2018-05-14,249.27,24899.41,0.14748072
2018-05-15,247.31,24706.41,0.14748072
2018-05-16,247.97,24768.93,0.14748072
2018-05-17,247.74,24713.98,0.14748072
2018-05-18,247,24715.09,0.14748072
2018-05-21,249.94,25013.29,0.14748072
2018-05-22,248.18,24834.41,0.14748072
2018-05-23,248.63,24886.81,0.14748072
2018-05-24,247.91,24811.76,0.14748072
2018-05-25,247.37,24753.09,0.14748072
2018-05-29,243.45,24361.45,0.14748072
2018-05-30,246.7,24667.78,0.14748072
2018-05-31,244.18,24415.84,0.14748072
2018-06-01,246.36,24635.21,0.14748072
2018-06-04,248.2,24813.69,0.14748072
2018-06-05,248.15,24799.98,0.14748072
2018-06-06,251.52,25146.39,0.14748072
2018-06-07,252.53,25241.41,0.14748072
2018-06-08,253.27,25316.53,0.14748072
2018-06-11,253.39,25322.31,0.14748072
2018-06-12,253.3,25320.73,0.14748072
2018-06-13,252.18,25201.2,0.14748072
2018-06-14,251.99,25175.31,0.14748072
2018-06-15,250.74,25090.48,0.14748072
2018-06-18,249.73,24987.47,0.14748072
2018-06-19,246.88,24700.21,0.14748072
2018-06-20,246.46,24657.8,0.14748072
2018-06-21,244.5,24461.7,0.14748072
2018-06-22,245.69,24580.89,0.14748072
2018-06-25,242.31,24252.8,0.14748072
2018-06-26,242.67,24283.11,0.14748072
2018-06-27,241.12,24117.59,0.14748072
2018-06-28,242.08,24216.05,0.14748072
2018-06-29,242.73,24271.41,0.14748072
2018-07-02,242.73,24307.18,0.14748072
2018-07-03,241.66,24174.82,0.14748072
2018-07-05,243.55,24356.74,0.14748072
2018-07-06,244.6,24456.48,0.14748072
2018-07-09,247.84,24776.59,0.14748072
2018-07-10,249.23,24919.66,0.14748072
2018-07-11,247.08,24700.45,0.14748072
2018-07-12,249.3,24924.89,0.14748072
2018-07-13,250.2,25019.41,0.14748072
2018-07-16,250.67,25064.36,0.14748072
2018-07-17,251.28,25119.89,0.14748072
2018-07-18,252.03,25199.29,0.14748072
2018-07-19,250.79,25064.5,0.14748072
2018-07-20,250.44,25058.12,0.14748072
2018-07-23,250.26,25044.29,0.14748072
2018-07-24,252.21,25241.94,0.14748072
2018-07-25,254.02,25414.1,0.14748072
2018-07-26,255.12,25527.07,0.14748072
2018-07-27,254.26,25451.06,0.14748072
2018-07-30,252.87,25306.83,0.14748072
2018-07-31,254.17,25415.19,0.14748072
2018-08-01,253.11,25333.82,0.14748072
2018-08-02,253.1,25326.16,0.14748072
2018-08-03,254.39,25462.58,0.14748072
2018-08-06,254.85,25502.18,0.14748072
2018-08-07,256.12,25628.91,0.14748072
2018-08-08,255.62,25583.75,0.14748072
2018-08-09,255.16,25509.23,0.14748072
2018-08-10,253.3,25313.14,0.14748072
2018-08-13,252.04,25187.7,0.14748072
2018-08-14,253.21,25299.92,0.14748072
2018-08-15,251.76,25162.41,0.14748072
2018-08-16,255.94,25558.73,0.14748072
2018-08-17,256.51,25669.32,0.14748072
2018-08-20,257.43,25758.69,0.14748072
2018-08-21,258.07,25822.29,0.14748072
2018-08-22,257.18,25733.6,0.14748072
2018-08-23,256.49,25656.98,0.14748072
2018-08-24,257.85,25790.35,0.14748072
2018-08-27,260.58,26049.64,0.14748072
2018-08-28,260.64,26064.02,0.14748072
2018-08-29,261.33,26124.57,0.14748072
2018-08-30,260.01,25986.92,0.14748072
2018-08-31,259.85,25964.82,0.14748072
2018-09-04,259.73,25952.48,0.14748072
2018-09-05,259.92,25974.99,0.14748072
2018-09-06,260.29,25995.87,0.14748072
2018-09-07,259.54,25916.54,0.14748072
2018-09-10,258.94,25857.07,0.14748072
2018-09-11,260.03,25971.06,0.14748072
2018-09-12,260.25,25998.92,0.14748072
2018-09-13,261.78,26145.99,0.14748072
2018-09-14,261.89,26154.67,0.14748072
2018-09-17,260.98,26062.12,0.14748072
2018-09-18,262.91,26246.96,0.14748072
2018-09-19,264.42,26405.76,0.14748072
2018-09-20,267.04,26656.98,0.14748072
2018-09-21,267.12,26743.5,0.14748072
2018-09-24,265.42,26562.05,0.14748072
2018-09-25,264.73,26492.21,0.14748072
2018-09-26,263.78,26385.28,0.14748072
2018-09-27,264.25,26439.93,0.14748072
2018-09-28,264.4,26458.31,0.14748072
2018-10-01,266.73,26651.21,0.14748072
2018-10-02,267.57,26773.94,0.14748072
2018-10-03,267.95,26828.39,0.14748072
2018-10-04,266.25,26627.48,0.14748072
2018-10-05,264.32,26447.05,0.14748072
2018-10-08,264.83,26486.78,0.14748072
2018-10-09,264.23,26430.57,0.14748072
2018-10-10,256.06,25598.74,0.14748072
2018-10-11,250.27,25052.83,0.14748072
2018-10-12,253.3,25339.99,0.14748072
2018-10-15,252.34,25250.55,0.14748072
2018-10-16,257.92,25798.42,0.14748072
2018-10-17,256.97,25706.68,0.14748072
2018-10-18,253.68,25379.45,0.14748072
2018-10-19,254.32,25444.34,0.14748072
2018-10-22,253.04,25317.41,0.14748072
2018-10-23,251.67,25191.43,0.14748072
2018-10-24,245.64,24583.42,0.14748072
2018-10-25,249.77,24984.55,0.14748072
2018-10-26,246.53,24688.31,0.14748072
2018-10-29,244.47,24442.92,0.14748072
2018-10-30,248.7,24874.64,0.14748072
2018-10-31,251.19,25115.76,0.14748072
2018-11-01,253.73,25380.74,0.14748072
2018-11-02,252.46,25270.83,0.14748072
2018-11-05,254.48,25461.7,0.14748072
2018-11-06,256.23,25635.01,0.14748072
2018-11-07,261.78,26180.3,0.14748072
2018-11-08,262.1,26191.22,0.14748072
2018-11-09,260.09,25989.3,0.14748072
2018-11-12,254.22,25387.18,0.14748072
2018-11-13,253.06,25286.49,0.14748072
2018-11-14,250.91,25080.5,0.14748072
2018-11-15,253.22,25289.27,0.14748072
2018-11-16,254.05,25413.22,0.14748072
2018-11-19,249.86,25017.44,0.14748072
2018-11-20,244.5,24465.64,0.14748072
2018-11-21,244.65,24464.69,0.14748072
2018-11-23,242.81,24285.95,0.14748072
2018-11-26,246.39,24640.24,0.14748072
2018-11-27,247.5,24748.73,0.14748072
2018-11-28,253.84,25366.43,0.14748072
2018-11-29,253.59,25338.84,0.14748072
2018-11-30,255.51,25538.46,0.14748072
2018-12-03,258.73,25826.43,0.14748072
2018-12-04,250.73,25027.07,0.14748072
2018-12-06,249.72,24947.67,0.14748072
2018-12-07,244.31,24388.95,0.14748072
2018-12-10,244.71,24423.26,0.14748072
2018-12-11,244.23,24370.24,0.14748072
2018-12-12,245.88,24527.27,0.14748072
2018-12-13,246.27,24597.38,0.14748072
2018-12-14,241.42,24100.51,0.14748072
2018-12-17,236.43,23592.98,0.14748072
2018-12-18,237.36,23675.64,0.14748072
2018-12-19,233.42,23323.66,0.14748072
2018-12-20,228.89,22859.6,0.14748072
2018-12-21,224.09,22445.37,0.14748072
2018-12-24,218.1,21792.2,0.14748072
2018-12-26,228.71,22878.45,0.14748072
2018-12-27,231.26,23138.82,0.14748072
2018-12-28,230.48,23062.4,0.14748072
2018-12-31,233.2,23327.46,0.14748072
2019-01-02,233.36,23346.24,0.14748072
2019-01-03,226.72,22686.22,0.14748072
2019-01-04,234.28,23433.16,0.14748072
2019-01-07,235.36,23531.35,0.14748072
2019-01-08,237.92,23787.45,0.14748072
2019-01-09,238.92,23879.12,0.14748072
2019-01-10,240,24001.92,0.14748072
2019-01-11,239.88,23995.95,0.14748072
2019-01-14,238.94,23909.84,0.14748072
2019-01-15,240.64,24065.59,0.14748072
2019-01-16,241.86,24207.16,0.14748072
2019-01-17,243.8,24370.1,0.14748072
2019-01-18,247.05,24706.35,0.14748072
2019-01-22,244,24404.48,0.14748072
2019-01-23,245.72,24575.62,0.14748072
2019-01-24,245.47,24553.24,0.14748072
2019-01-25,247.39,24737.2,0.14748072
2019-01-28,245.1,24528.22,0.14748072
2019-01-29,245.71,24579.96,0.14748072
2019-01-30,250.18,25014.86,0.14748072
2019-01-31,250.12,24999.67,0.14748072
2019-02-01,250.48,25063.89,0.14748072
2019-02-04,252.32,25239.37,0.14748072
2019-02-05,253.96,25411.52,0.14748072
2019-02-06,253.87,25390.3,0.14748072
2019-02-07,251.9,25169.53,0.14748072
2019-02-08,251.32,25106.33,0.14748072
2019-02-11,250.94,25053.11,0.14748072
2019-02-12,254.53,25425.76,0.14748072
2019-02-13,255.8,25543.27,0.14748072
2019-02-14,255.16,25439.39,0.14748072
2019-02-15,258.65,25883.25,0.14748072
2019-02-19,258.81,25891.32,0.14748072
2019-02-20,259.5,25954.44,0.14748072
2019-02-21,258.53,25850.63,0.14748072
2019-02-22,260.17,26031.81,0.14748072
2019-02-25,260.89,26091.95,0.14748072
2019-02-26,260.54,26057.98,0.14748072
2019-02-27,259.87,25985.16,0.14748072
2019-02-28,259.28,25916,0.14748072
2019-03-01,260.42,26026.32,0.14748072
2019-03-04,258.28,25819.65,0.14748072
2019-03-05,258.19,25806.63,0.14748072
2019-03-06,256.87,25673.46,0.14748072
2019-03-07,254.81,25473.23,0.14748072
2019-03-08,254.71,25450.24,0.14748072
2019-03-11,256.76,25650.88,0.14748072
2019-03-12,255.86,25554.66,0.14748072
2019-03-13,257.35,25702.89,0.14748072
2019-03-14,257.54,25709.94,0.14748072
2019-03-15,258.34,25848.87,0.14748072
2019-03-18,258.99,25914.1,0.14748072
2019-03-19,258.88,25887.38,0.14748072
2019-03-20,257.29,25745.67,0.14748072
2019-03-21,259.58,25962.51,0.14748072
2019-03-22,254.96,25502.32,0.14748072
2019-03-25,255.07,25516.83,0.14748072
2019-03-26,256.46,25657.73,0.14748072
